CountyDemand,CountyDemand allocation decision,selected CountyDemands decision,CountyDemand product,CountyDemand demand,CountyDemand county,CountyDemand maxValueAllocation,CountyDemand minValueAllocationForAssignment
0,1.0,1.0,Alcohol-based hand rub,268,Alcona,100000000,0.1
1,1.0,1.0,Alcohol-based hand rub,20,Alger,100000000,0.1
2,1.0,1.0,Alcohol-based hand rub,163,Allegan,100000000,0.1
3,1.0,1.0,Alcohol-based hand rub,259,Antrim,100000000,0.1
4,1.0,1.0,Alcohol-based hand rub,3051,Baraga,100000000,0.1
5,1.0,1.0,Alcohol-based hand rub,386,Barry,100000000,0.1
6,1.0,1.0,Alcohol-based hand rub,948,Benzie,100000000,0.1
7,1.0,1.0,Alcohol-based hand rub,371,Delta,100000000,0.1
8,1.0,1.0,Alcohol-based hand rub,226,Dickinson,100000000,0.1
9,1.0,1.0,Alcohol-based hand rub,555,Eaton,100000000,0.1
10,1.0,1.0,Alcohol-based hand rub,35,Emmet,100000000,0.1
11,1.0,1.0,Alcohol-based hand rub,2384,Gogebic,100000000,0.1
12,1.0,1.0,Alcohol-based hand rub,306,Grand Traverse,100000000,0.1
13,1.0,1.0,Alcohol-based hand rub,32,Gratiot,100000000,0.1
14,1.0,1.0,Alcohol-based hand rub,265,Houghton,100000000,0.1
15,1.0,1.0,Alcohol-based hand rub,103,Huron,100000000,0.1
16,1.0,1.0,Alcohol-based hand rub,1019,Iron,100000000,0.1
17,1.0,1.0,Alcohol-based hand rub,3839,Isabella,100000000,0.1
18,1.0,1.0,Alcohol-based hand rub,196,Kalamazoo,100000000,0.1
19,1.0,1.0,Alcohol-based hand rub,6114,Kalkaska,100000000,0.1
20,1.0,1.0,Alcohol-based hand rub,373,Kent,100000000,0.1
21,1.0,1.0,Alcohol-based hand rub,367,Keweenaw,100000000,0.1
22,1.0,1.0,Alcohol-based hand rub,619,Lake,100000000,0.1
23,1.0,1.0,Alcohol-based hand rub,86,Lapeer,100000000,0.1
24,1.0,1.0,Alcohol-based hand rub,1704,Leelanau,100000000,0.1
25,1.0,1.0,Alcohol-based hand rub,146,Lenawee,100000000,0.1
26,1.0,1.0,Alcohol-based hand rub,1780,Livingston,100000000,0.1
27,1.0,1.0,Alcohol-based hand rub,182,Manistee,100000000,0.1
28,1.0,1.0,Alcohol-based hand rub,957,Marquette,100000000,0.1
29,1.0,1.0,Alcohol-based hand rub,189,Mason,100000000,0.1
30,1.0,1.0,Alcohol-based hand rub,7,Mecosta,100000000,0.1
31,1.0,1.0,Alcohol-based hand rub,160,Menominee,100000000,0.1
32,1.0,1.0,Alcohol-based hand rub,438,Midland,100000000,0.1
33,1.0,1.0,Alcohol-based hand rub,352,Missaukee,100000000,0.1
34,1.0,1.0,Alcohol-based hand rub,98,Monroe,100000000,0.1
35,1.0,1.0,Alcohol-based hand rub,2162,Montcalm,100000000,0.1
36,1.0,1.0,Alcohol-based hand rub,137,Oceana,100000000,0.1
37,1.0,1.0,Alcohol-based hand rub,1899,Ogemaw,100000000,0.1
38,1.0,1.0,Alcohol-based hand rub,18185,Osceola,100000000,0.1
39,1.0,1.0,Alcohol-based hand rub,545,Oscoda,100000000,0.1
40,1.0,1.0,Alcohol-based hand rub,611,Presque Isle,100000000,0.1
41,1.0,1.0,Alcohol-based hand rub,1036,Roscommon,100000000,0.1
42,1.0,1.0,Alcohol-based hand rub,162,Sanilac,100000000,0.1
43,1.0,1.0,Alcohol-based hand rub,149,Schoolcraft,100000000,0.1
44,1.0,1.0,Alcohol-based hand rub,69,Van Buren,100000000,0.1
45,1.0,1.0,Alcohol-based hand rub,55,Washtenaw,100000000,0.1
46,1.0,1.0,Alcohol-based hand rub,420,Wexford,100000000,0.1
47,1.0,1.0,BioHazard Liner bags 2gallon,3,Alcona,100000000,0.1
48,1.0,1.0,BioHazard Liner bags 2gallon,1,Alger,100000000,0.1
49,1.0,1.0,BioHazard Liner bags 2gallon,2,Allegan,100000000,0.1
50,1.0,1.0,BioHazard Liner bags 2gallon,3,Antrim,100000000,0.1
51,1.0,1.0,BioHazard Liner bags 2gallon,31,Baraga,100000000,0.1
52,1.0,1.0,BioHazard Liner bags 2gallon,4,Barry,100000000,0.1
53,1.0,1.0,BioHazard Liner bags 2gallon,10,Benzie,100000000,0.1
54,1.0,1.0,BioHazard Liner bags 2gallon,4,Delta,100000000,0.1
55,1.0,1.0,BioHazard Liner bags 2gallon,3,Dickinson,100000000,0.1
56,1.0,1.0,BioHazard Liner bags 2gallon,6,Eaton,100000000,0.1
57,1.0,1.0,BioHazard Liner bags 2gallon,1,Emmet,100000000,0.1
58,1.0,1.0,BioHazard Liner bags 2gallon,24,Gogebic,100000000,0.1
59,1.0,1.0,BioHazard Liner bags 2gallon,4,Grand Traverse,100000000,0.1
60,1.0,1.0,BioHazard Liner bags 2gallon,1,Gratiot,100000000,0.1
61,1.0,1.0,BioHazard Liner bags 2gallon,3,Houghton,100000000,0.1
62,1.0,1.0,BioHazard Liner bags 2gallon,2,Huron,100000000,0.1
63,1.0,1.0,BioHazard Liner bags 2gallon,11,Iron,100000000,0.1
64,1.0,1.0,BioHazard Liner bags 2gallon,39,Isabella,100000000,0.1
65,1.0,1.0,BioHazard Liner bags 2gallon,2,Kalamazoo,100000000,0.1
66,1.0,1.0,BioHazard Liner bags 2gallon,62,Kalkaska,100000000,0.1
67,1.0,1.0,BioHazard Liner bags 2gallon,4,Kent,100000000,0.1
68,1.0,1.0,BioHazard Liner bags 2gallon,4,Keweenaw,100000000,0.1
69,1.0,1.0,BioHazard Liner bags 2gallon,7,Lake,100000000,0.1
70,1.0,1.0,BioHazard Liner bags 2gallon,1,Lapeer,100000000,0.1
71,1.0,1.0,BioHazard Liner bags 2gallon,18,Leelanau,100000000,0.1
72,1.0,1.0,BioHazard Liner bags 2gallon,2,Lenawee,100000000,0.1
73,1.0,1.0,BioHazard Liner bags 2gallon,18,Livingston,100000000,0.1
74,1.0,1.0,BioHazard Liner bags 2gallon,2,Manistee,100000000,0.1
75,1.0,1.0,BioHazard Liner bags 2gallon,10,Marquette,100000000,0.1
76,1.0,1.0,BioHazard Liner bags 2gallon,2,Mason,100000000,0.1
77,1.0,1.0,BioHazard Liner bags 2gallon,1,Mecosta,100000000,0.1
78,1.0,1.0,BioHazard Liner bags 2gallon,2,Menominee,100000000,0.1
79,1.0,1.0,BioHazard Liner bags 2gallon,5,Midland,100000000,0.1
80,1.0,1.0,BioHazard Liner bags 2gallon,4,Missaukee,100000000,0.1
81,1.0,1.0,BioHazard Liner bags 2gallon,1,Monroe,100000000,0.1
82,1.0,1.0,BioHazard Liner bags 2gallon,22,Montcalm,100000000,0.1
83,1.0,1.0,BioHazard Liner bags 2gallon,2,Oceana,100000000,0.1
84,1.0,1.0,BioHazard Liner bags 2gallon,19,Ogemaw,100000000,0.1
85,1.0,1.0,BioHazard Liner bags 2gallon,182,Osceola,100000000,0.1
86,1.0,1.0,BioHazard Liner bags 2gallon,6,Oscoda,100000000,0.1
87,1.0,1.0,BioHazard Liner bags 2gallon,7,Presque Isle,100000000,0.1
88,1.0,1.0,BioHazard Liner bags 2gallon,11,Roscommon,100000000,0.1
89,1.0,1.0,BioHazard Liner bags 2gallon,2,Sanilac,100000000,0.1
90,1.0,1.0,BioHazard Liner bags 2gallon,2,Schoolcraft,100000000,0.1
91,1.0,1.0,BioHazard Liner bags 2gallon,1,Van Buren,100000000,0.1
92,1.0,1.0,BioHazard Liner bags 2gallon,1,Washtenaw,100000000,0.1
93,1.0,1.0,BioHazard Liner bags 2gallon,5,Wexford,100000000,0.1
94,1.0,1.0,BioHazard Liner bags 44gallon,54,Alcona,100000000,0.1
95,1.0,1.0,BioHazard Liner bags 44gallon,4,Alger,100000000,0.1
96,1.0,1.0,BioHazard Liner bags 44gallon,33,Allegan,100000000,0.1
97,1.0,1.0,BioHazard Liner bags 44gallon,52,Antrim,100000000,0.1
98,1.0,1.0,BioHazard Liner bags 44gallon,611,Baraga,100000000,0.1
99,1.0,1.0,BioHazard Liner bags 44gallon,78,Barry,100000000,0.1
100,1.0,1.0,BioHazard Liner bags 44gallon,190,Benzie,100000000,0.1
101,1.0,1.0,BioHazard Liner bags 44gallon,75,Delta,100000000,0.1
102,1.0,1.0,BioHazard Liner bags 44gallon,46,Dickinson,100000000,0.1
103,1.0,1.0,BioHazard Liner bags 44gallon,111,Eaton,100000000,0.1
104,1.0,1.0,BioHazard Liner bags 44gallon,7,Emmet,100000000,0.1
105,1.0,1.0,BioHazard Liner bags 44gallon,477,Gogebic,100000000,0.1
106,1.0,1.0,BioHazard Liner bags 44gallon,62,Grand Traverse,100000000,0.1
107,1.0,1.0,BioHazard Liner bags 44gallon,7,Gratiot,100000000,0.1
108,1.0,1.0,BioHazard Liner bags 44gallon,53,Houghton,100000000,0.1
109,1.0,1.0,BioHazard Liner bags 44gallon,21,Huron,100000000,0.1
110,1.0,1.0,BioHazard Liner bags 44gallon,204,Iron,100000000,0.1
111,1.0,1.0,BioHazard Liner bags 44gallon,768,Isabella,100000000,0.1
112,1.0,1.0,BioHazard Liner bags 44gallon,40,Kalamazoo,100000000,0.1
113,1.0,1.0,BioHazard Liner bags 44gallon,1223,Kalkaska,100000000,0.1
114,1.0,1.0,BioHazard Liner bags 44gallon,75,Kent,100000000,0.1
115,1.0,1.0,BioHazard Liner bags 44gallon,74,Keweenaw,100000000,0.1
116,1.0,1.0,BioHazard Liner bags 44gallon,124,Lake,100000000,0.1
117,1.0,1.0,BioHazard Liner bags 44gallon,18,Lapeer,100000000,0.1
118,1.0,1.0,BioHazard Liner bags 44gallon,341,Leelanau,100000000,0.1
119,1.0,1.0,BioHazard Liner bags 44gallon,30,Lenawee,100000000,0.1
120,1.0,1.0,BioHazard Liner bags 44gallon,356,Livingston,100000000,0.1
121,1.0,1.0,BioHazard Liner bags 44gallon,37,Manistee,100000000,0.1
122,1.0,1.0,BioHazard Liner bags 44gallon,192,Marquette,100000000,0.1
123,1.0,1.0,BioHazard Liner bags 44gallon,38,Mason,100000000,0.1
124,1.0,1.0,BioHazard Liner bags 44gallon,2,Mecosta,100000000,0.1
125,1.0,1.0,BioHazard Liner bags 44gallon,32,Menominee,100000000,0.1
126,1.0,1.0,BioHazard Liner bags 44gallon,88,Midland,100000000,0.1
127,1.0,1.0,BioHazard Liner bags 44gallon,71,Missaukee,100000000,0.1
128,1.0,1.0,BioHazard Liner bags 44gallon,20,Monroe,100000000,0.1
129,1.0,1.0,BioHazard Liner bags 44gallon,433,Montcalm,100000000,0.1
130,1.0,1.0,BioHazard Liner bags 44gallon,28,Oceana,100000000,0.1
131,1.0,1.0,BioHazard Liner bags 44gallon,380,Ogemaw,100000000,0.1
132,1.0,1.0,BioHazard Liner bags 44gallon,3637,Osceola,100000000,0.1
133,1.0,1.0,BioHazard Liner bags 44gallon,109,Oscoda,100000000,0.1
134,1.0,1.0,BioHazard Liner bags 44gallon,123,Presque Isle,100000000,0.1
135,1.0,1.0,BioHazard Liner bags 44gallon,208,Roscommon,100000000,0.1
136,1.0,1.0,BioHazard Liner bags 44gallon,33,Sanilac,100000000,0.1
137,1.0,1.0,BioHazard Liner bags 44gallon,30,Schoolcraft,100000000,0.1
138,1.0,1.0,BioHazard Liner bags 44gallon,14,Van Buren,100000000,0.1
139,1.0,1.0,BioHazard Liner bags 44gallon,11,Washtenaw,100000000,0.1
140,1.0,1.0,BioHazard Liner bags 44gallon,84,Wexford,100000000,0.1
141,1.0,1.0,Blue Solied Linen bags,43,Alcona,100000000,0.1
142,1.0,1.0,Blue Solied Linen bags,4,Alger,100000000,0.1
143,1.0,1.0,Blue Solied Linen bags,26,Allegan,100000000,0.1
144,1.0,1.0,Blue Solied Linen bags,42,Antrim,100000000,0.1
145,1.0,1.0,Blue Solied Linen bags,489,Baraga,100000000,0.1
146,1.0,1.0,Blue Solied Linen bags,62,Barry,100000000,0.1
147,1.0,1.0,Blue Solied Linen bags,152,Benzie,100000000,0.1
148,1.0,1.0,Blue Solied Linen bags,60,Delta,100000000,0.1
149,1.0,1.0,Blue Solied Linen bags,37,Dickinson,100000000,0.1
150,1.0,1.0,Blue Solied Linen bags,89,Eaton,100000000,0.1
151,1.0,1.0,Blue Solied Linen bags,6,Emmet,100000000,0.1
152,1.0,1.0,Blue Solied Linen bags,382,Gogebic,100000000,0.1
153,1.0,1.0,Blue Solied Linen bags,49,Grand Traverse,100000000,0.1
154,1.0,1.0,Blue Solied Linen bags,6,Gratiot,100000000,0.1
155,1.0,1.0,Blue Solied Linen bags,43,Houghton,100000000,0.1
156,1.0,1.0,Blue Solied Linen bags,17,Huron,100000000,0.1
157,1.0,1.0,Blue Solied Linen bags,164,Iron,100000000,0.1
158,1.0,1.0,Blue Solied Linen bags,615,Isabella,100000000,0.1
159,1.0,1.0,Blue Solied Linen bags,32,Kalamazoo,100000000,0.1
160,1.0,1.0,Blue Solied Linen bags,979,Kalkaska,100000000,0.1
161,1.0,1.0,Blue Solied Linen bags,60,Kent,100000000,0.1
162,1.0,1.0,Blue Solied Linen bags,59,Keweenaw,100000000,0.1
163,1.0,1.0,Blue Solied Linen bags,100,Lake,100000000,0.1
164,1.0,1.0,Blue Solied Linen bags,14,Lapeer,100000000,0.1
165,1.0,1.0,Blue Solied Linen bags,273,Leelanau,100000000,0.1
166,1.0,1.0,Blue Solied Linen bags,24,Lenawee,100000000,0.1
167,1.0,1.0,Blue Solied Linen bags,285,Livingston,100000000,0.1
168,1.0,1.0,Blue Solied Linen bags,30,Manistee,100000000,0.1
169,1.0,1.0,Blue Solied Linen bags,154,Marquette,100000000,0.1
170,1.0,1.0,Blue Solied Linen bags,31,Mason,100000000,0.1
171,1.0,1.0,Blue Solied Linen bags,2,Mecosta,100000000,0.1
172,1.0,1.0,Blue Solied Linen bags,26,Menominee,100000000,0.1
173,1.0,1.0,Blue Solied Linen bags,70,Midland,100000000,0.1
174,1.0,1.0,Blue Solied Linen bags,57,Missaukee,100000000,0.1
175,1.0,1.0,Blue Solied Linen bags,16,Monroe,100000000,0.1
176,1.0,1.0,Blue Solied Linen bags,346,Montcalm,100000000,0.1
177,1.0,1.0,Blue Solied Linen bags,22,Oceana,100000000,0.1
178,1.0,1.0,Blue Solied Linen bags,304,Ogemaw,100000000,0.1
179,1.0,1.0,Blue Solied Linen bags,2910,Osceola,100000000,0.1
180,1.0,1.0,Blue Solied Linen bags,88,Oscoda,100000000,0.1
181,1.0,1.0,Blue Solied Linen bags,98,Presque Isle,100000000,0.1
182,1.0,1.0,Blue Solied Linen bags,166,Roscommon,100000000,0.1
183,1.0,1.0,Blue Solied Linen bags,26,Sanilac,100000000,0.1
184,1.0,1.0,Blue Solied Linen bags,24,Schoolcraft,100000000,0.1
185,1.0,1.0,Blue Solied Linen bags,12,Van Buren,100000000,0.1
186,1.0,1.0,Blue Solied Linen bags,9,Washtenaw,100000000,0.1
187,1.0,1.0,Blue Solied Linen bags,68,Wexford,100000000,0.1
188,1.0,1.0,Disposable foot covers,27,Alcona,100000000,0.1
189,2.0,1.0,Disposable foot covers,2,Alger,100000000,0.1
190,1.0,1.0,Disposable foot covers,17,Allegan,100000000,0.1
191,1.0,1.0,Disposable foot covers,26,Antrim,100000000,0.1
192,1.0,1.0,Disposable foot covers,306,Baraga,100000000,0.1
193,1.0,1.0,Disposable foot covers,39,Barry,100000000,0.1
194,1.0,1.0,Disposable foot covers,95,Benzie,100000000,0.1
195,1.0,1.0,Disposable foot covers,38,Delta,100000000,0.1
196,1.0,1.0,Disposable foot covers,23,Dickinson,100000000,0.1
197,1.0,1.0,Disposable foot covers,56,Eaton,100000000,0.1
198,1.0,1.0,Disposable foot covers,4,Emmet,100000000,0.1
199,1.0,1.0,Disposable foot covers,239,Gogebic,100000000,0.1
200,1.0,1.0,Disposable foot covers,31,Grand Traverse,100000000,0.1
201,1.0,1.0,Disposable foot covers,4,Gratiot,100000000,0.1
202,1.0,1.0,Disposable foot covers,27,Houghton,100000000,0.1
203,1.0,1.0,Disposable foot covers,11,Huron,100000000,0.1
204,1.0,1.0,Disposable foot covers,102,Iron,100000000,0.1
205,1.0,1.0,Disposable foot covers,384,Isabella,100000000,0.1
206,1.0,1.0,Disposable foot covers,20,Kalamazoo,100000000,0.1
207,1.0,1.0,Disposable foot covers,612,Kalkaska,100000000,0.1
208,1.0,1.0,Disposable foot covers,38,Kent,100000000,0.1
209,1.0,1.0,Disposable foot covers,37,Keweenaw,100000000,0.1
210,1.0,1.0,Disposable foot covers,62,Lake,100000000,0.1
211,1.0,1.0,Disposable foot covers,9,Lapeer,100000000,0.1
212,1.0,1.0,Disposable foot covers,171,Leelanau,100000000,0.1
213,1.0,1.0,Disposable foot covers,15,Lenawee,100000000,0.1
214,1.0,1.0,Disposable foot covers,178,Livingston,100000000,0.1
215,1.0,1.0,Disposable foot covers,19,Manistee,100000000,0.1
216,1.0,1.0,Disposable foot covers,96,Marquette,100000000,0.1
217,1.0,1.0,Disposable foot covers,19,Mason,100000000,0.1
218,1.0,1.0,Disposable foot covers,1,Mecosta,100000000,0.1
219,1.0,1.0,Disposable foot covers,16,Menominee,100000000,0.1
220,1.0,1.0,Disposable foot covers,44,Midland,100000000,0.1
221,1.0,1.0,Disposable foot covers,36,Missaukee,100000000,0.1
222,1.0,1.0,Disposable foot covers,10,Monroe,100000000,0.1
223,1.0,1.0,Disposable foot covers,217,Montcalm,100000000,0.1
224,1.0,1.0,Disposable foot covers,14,Oceana,100000000,0.1
225,1.0,1.0,Disposable foot covers,190,Ogemaw,100000000,0.1
226,1.0,1.0,Disposable foot covers,1819,Osceola,100000000,0.1
227,1.0,1.0,Disposable foot covers,55,Oscoda,100000000,0.1
228,1.0,1.0,Disposable foot covers,62,Presque Isle,100000000,0.1
229,1.0,1.0,Disposable foot covers,104,Roscommon,100000000,0.1
230,1.0,1.0,Disposable foot covers,17,Sanilac,100000000,0.1
231,1.0,1.0,Disposable foot covers,15,Schoolcraft,100000000,0.1
232,1.0,1.0,Disposable foot covers,7,Van Buren,100000000,0.1
233,1.0,1.0,Disposable foot covers,6,Washtenaw,100000000,0.1
234,1.0,1.0,Disposable foot covers,42,Wexford,100000000,0.1
235,2.0,1.0,Face shield,161,Alcona,100000000,0.1
236,2.0,1.0,Face shield,12,Alger,100000000,0.1
237,2.0,1.0,Face shield,98,Allegan,100000000,0.1
238,2.0,1.0,Face shield,156,Antrim,100000000,0.1
239,2.0,1.0,Face shield,1831,Baraga,100000000,0.1
240,2.0,1.0,Face shield,232,Barry,100000000,0.1
241,2.0,1.0,Face shield,569,Benzie,100000000,0.1
242,2.0,1.0,Face shield,223,Delta,100000000,0.1
243,2.0,1.0,Face shield,136,Dickinson,100000000,0.1
244,2.0,1.0,Face shield,333,Eaton,100000000,0.1
245,2.0,1.0,Face shield,21,Emmet,100000000,0.1
246,2.0,1.0,Face shield,1431,Gogebic,100000000,0.1
247,2.0,1.0,Face shield,184,Grand Traverse,100000000,0.1
248,2.0,1.0,Face shield,20,Gratiot,100000000,0.1
249,2.0,1.0,Face shield,159,Houghton,100000000,0.1
250,2.0,1.0,Face shield,62,Huron,100000000,0.1
251,2.0,1.0,Face shield,612,Iron,100000000,0.1
252,2.0,1.0,Face shield,2304,Isabella,100000000,0.1
253,2.0,1.0,Face shield,118,Kalamazoo,100000000,0.1
254,2.0,1.0,Face shield,3669,Kalkaska,100000000,0.1
255,2.0,1.0,Face shield,224,Kent,100000000,0.1
256,2.0,1.0,Face shield,221,Keweenaw,100000000,0.1
257,2.0,1.0,Face shield,372,Lake,100000000,0.1
258,2.0,1.0,Face shield,52,Lapeer,100000000,0.1
259,2.0,1.0,Face shield,1023,Leelanau,100000000,0.1
260,2.0,1.0,Face shield,88,Lenawee,100000000,0.1
261,2.0,1.0,Face shield,1068,Livingston,100000000,0.1
262,2.0,1.0,Face shield,110,Manistee,100000000,0.1
263,2.0,1.0,Face shield,574,Marquette,100000000,0.1
264,2.0,1.0,Face shield,114,Mason,100000000,0.1
265,2.0,1.0,Face shield,5,Mecosta,100000000,0.1
266,2.0,1.0,Face shield,96,Menominee,100000000,0.1
267,2.0,1.0,Face shield,263,Midland,100000000,0.1
268,2.0,1.0,Face shield,212,Missaukee,100000000,0.1
269,2.0,1.0,Face shield,59,Monroe,100000000,0.1
270,2.0,1.0,Face shield,1298,Montcalm,100000000,0.1
271,2.0,1.0,Face shield,82,Oceana,100000000,0.1
272,2.0,1.0,Face shield,1140,Ogemaw,100000000,0.1
273,2.0,1.0,Face shield,10911,Osceola,100000000,0.1
274,2.0,1.0,Face shield,327,Oscoda,100000000,0.1
275,2.0,1.0,Face shield,367,Presque Isle,100000000,0.1
276,2.0,1.0,Face shield,622,Roscommon,100000000,0.1
277,2.0,1.0,Face shield,98,Sanilac,100000000,0.1
278,2.0,1.0,Face shield,90,Schoolcraft,100000000,0.1
279,2.0,1.0,Face shield,42,Van Buren,100000000,0.1
280,2.0,1.0,Face shield,33,Washtenaw,100000000,0.1
281,2.0,1.0,Face shield,252,Wexford,100000000,0.1
282,2.0,1.0,Gloves,54,Alcona,100000000,0.1
283,2.0,1.0,Gloves,4,Alger,100000000,0.1
284,2.0,1.0,Gloves,33,Allegan,100000000,0.1
285,2.0,1.0,Gloves,52,Antrim,100000000,0.1
286,2.0,1.0,Gloves,611,Baraga,100000000,0.1
287,2.0,1.0,Gloves,78,Barry,100000000,0.1
288,2.0,1.0,Gloves,190,Benzie,100000000,0.1
289,2.0,1.0,Gloves,75,Delta,100000000,0.1
290,2.0,1.0,Gloves,46,Dickinson,100000000,0.1
291,2.0,1.0,Gloves,111,Eaton,100000000,0.1
292,2.0,1.0,Gloves,7,Emmet,100000000,0.1
293,2.0,1.0,Gloves,477,Gogebic,100000000,0.1
294,2.0,1.0,Gloves,62,Grand Traverse,100000000,0.1
295,2.0,1.0,Gloves,7,Gratiot,100000000,0.1
296,2.0,1.0,Gloves,53,Houghton,100000000,0.1
297,2.0,1.0,Gloves,21,Huron,100000000,0.1
298,2.0,1.0,Gloves,204,Iron,100000000,0.1
299,2.0,1.0,Gloves,768,Isabella,100000000,0.1
300,2.0,1.0,Gloves,40,Kalamazoo,100000000,0.1
301,2.0,1.0,Gloves,1223,Kalkaska,100000000,0.1
302,2.0,1.0,Gloves,75,Kent,100000000,0.1
303,2.0,1.0,Gloves,74,Keweenaw,100000000,0.1
304,2.0,1.0,Gloves,124,Lake,100000000,0.1
305,2.0,1.0,Gloves,18,Lapeer,100000000,0.1
306,2.0,1.0,Gloves,341,Leelanau,100000000,0.1
307,2.0,1.0,Gloves,30,Lenawee,100000000,0.1
308,2.0,1.0,Gloves,356,Livingston,100000000,0.1
309,2.0,1.0,Gloves,37,Manistee,100000000,0.1
310,2.0,1.0,Gloves,192,Marquette,100000000,0.1
311,2.0,1.0,Gloves,38,Mason,100000000,0.1
312,2.0,1.0,Gloves,2,Mecosta,100000000,0.1
313,2.0,1.0,Gloves,32,Menominee,100000000,0.1
314,2.0,1.0,Gloves,88,Midland,100000000,0.1
315,2.0,1.0,Gloves,71,Missaukee,100000000,0.1
316,2.0,1.0,Gloves,20,Monroe,100000000,0.1
317,2.0,1.0,Gloves,433,Montcalm,100000000,0.1
318,2.0,1.0,Gloves,28,Oceana,100000000,0.1
319,2.0,1.0,Gloves,380,Ogemaw,100000000,0.1
320,2.0,1.0,Gloves,3637,Osceola,100000000,0.1
321,2.0,1.0,Gloves,109,Oscoda,100000000,0.1
322,2.0,1.0,Gloves,123,Presque Isle,100000000,0.1
323,2.0,1.0,Gloves,208,Roscommon,100000000,0.1
324,2.0,1.0,Gloves,33,Sanilac,100000000,0.1
325,2.0,1.0,Gloves,30,Schoolcraft,100000000,0.1
326,2.0,1.0,Gloves,14,Van Buren,100000000,0.1
327,2.0,1.0,Gloves,11,Washtenaw,100000000,0.1
328,2.0,1.0,Gloves,84,Wexford,100000000,0.1
329,2.0,1.0,Goggles protective,536,Alcona,100000000,0.1
330,2.0,1.0,Goggles protective,39,Alger,100000000,0.1
331,2.0,1.0,Goggles protective,325,Allegan,100000000,0.1
332,2.0,1.0,Goggles protective,518,Antrim,100000000,0.1
333,2.0,1.0,Goggles protective,6102,Baraga,100000000,0.1
334,2.0,1.0,Goggles protective,772,Barry,100000000,0.1
335,2.0,1.0,Goggles protective,1896,Benzie,100000000,0.1
336,2.0,1.0,Goggles protective,741,Delta,100000000,0.1
337,2.0,1.0,Goggles protective,452,Dickinson,100000000,0.1
338,2.0,1.0,Goggles protective,1109,Eaton,100000000,0.1
339,2.0,1.0,Goggles protective,69,Emmet,100000000,0.1
340,2.0,1.0,Goggles protective,4768,Gogebic,100000000,0.1
341,2.0,1.0,Goggles protective,612,Grand Traverse,100000000,0.1
342,2.0,1.0,Goggles protective,64,Gratiot,100000000,0.1
343,2.0,1.0,Goggles protective,530,Houghton,100000000,0.1
344,2.0,1.0,Goggles protective,206,Huron,100000000,0.1
345,2.0,1.0,Goggles protective,2038,Iron,100000000,0.1
346,2.0,1.0,Goggles protective,7677,Isabella,100000000,0.1
347,2.0,1.0,Goggles protective,392,Kalamazoo,100000000,0.1
348,2.0,1.0,Goggles protective,12228,Kalkaska,100000000,0.1
349,2.0,1.0,Goggles protective,746,Kent,100000000,0.1
350,2.0,1.0,Goggles protective,734,Keweenaw,100000000,0.1
351,2.0,1.0,Goggles protective,1238,Lake,100000000,0.1
352,2.0,1.0,Goggles protective,172,Lapeer,100000000,0.1
353,2.0,1.0,Goggles protective,3408,Leelanau,100000000,0.1
354,2.0,1.0,Goggles protective,292,Lenawee,100000000,0.1
355,2.0,1.0,Goggles protective,3560,Livingston,100000000,0.1
356,2.0,1.0,Goggles protective,364,Manistee,100000000,0.1
357,2.0,1.0,Goggles protective,1913,Marquette,100000000,0.1
358,2.0,1.0,Goggles protective,378,Mason,100000000,0.1
359,2.0,1.0,Goggles protective,14,Mecosta,100000000,0.1
360,2.0,1.0,Goggles protective,320,Menominee,100000000,0.1
361,2.0,1.0,Goggles protective,875,Midland,100000000,0.1
362,2.0,1.0,Goggles protective,704,Missaukee,100000000,0.1
363,2.0,1.0,Goggles protective,196,Monroe,100000000,0.1
364,2.0,1.0,Goggles protective,4324,Montcalm,100000000,0.1
365,2.0,1.0,Goggles protective,273,Oceana,100000000,0.1
366,2.0,1.0,Goggles protective,3797,Ogemaw,100000000,0.1
367,2.0,1.0,Goggles protective,36370,Osceola,100000000,0.1
368,2.0,1.0,Goggles protective,1090,Oscoda,100000000,0.1
369,2.0,1.0,Goggles protective,1222,Presque Isle,100000000,0.1
370,2.0,1.0,Goggles protective,2072,Roscommon,100000000,0.1
371,2.0,1.0,Goggles protective,324,Sanilac,100000000,0.1
372,2.0,1.0,Goggles protective,298,Schoolcraft,100000000,0.1
373,2.0,1.0,Goggles protective,138,Van Buren,100000000,0.1
374,2.0,1.0,Goggles protective,110,Washtenaw,100000000,0.1
375,2.0,1.0,Goggles protective,839,Wexford,100000000,0.1
376,2.0,1.0,Gown protective,536,Alcona,100000000,0.1
377,2.0,1.0,Gown protective,39,Alger,100000000,0.1
378,2.0,1.0,Gown protective,325,Allegan,100000000,0.1
379,2.0,1.0,Gown protective,518,Antrim,100000000,0.1
380,2.0,1.0,Gown protective,6102,Baraga,100000000,0.1
381,2.0,1.0,Gown protective,772,Barry,100000000,0.1
382,2.0,1.0,Gown protective,1896,Benzie,100000000,0.1
383,2.0,1.0,Gown protective,741,Delta,100000000,0.1
384,2.0,1.0,Gown protective,452,Dickinson,100000000,0.1
385,2.0,1.0,Gown protective,1109,Eaton,100000000,0.1
386,2.0,1.0,Gown protective,69,Emmet,100000000,0.1
387,2.0,1.0,Gown protective,4768,Gogebic,100000000,0.1
388,2.0,1.0,Gown protective,612,Grand Traverse,100000000,0.1
389,2.0,1.0,Gown protective,64,Gratiot,100000000,0.1
390,2.0,1.0,Gown protective,530,Houghton,100000000,0.1
391,2.0,1.0,Gown protective,206,Huron,100000000,0.1
392,2.0,1.0,Gown protective,2038,Iron,100000000,0.1
393,2.0,1.0,Gown protective,7677,Isabella,100000000,0.1
394,2.0,1.0,Gown protective,392,Kalamazoo,100000000,0.1
395,2.0,1.0,Gown protective,12228,Kalkaska,100000000,0.1
396,2.0,1.0,Gown protective,746,Kent,100000000,0.1
397,2.0,1.0,Gown protective,734,Keweenaw,100000000,0.1
398,2.0,1.0,Gown protective,1238,Lake,100000000,0.1
399,2.0,1.0,Gown protective,172,Lapeer,100000000,0.1
400,2.0,1.0,Gown protective,3408,Leelanau,100000000,0.1
401,2.0,1.0,Gown protective,292,Lenawee,100000000,0.1
402,2.0,1.0,Gown protective,3560,Livingston,100000000,0.1
403,2.0,1.0,Gown protective,364,Manistee,100000000,0.1
404,2.0,1.0,Gown protective,1913,Marquette,100000000,0.1
405,2.0,1.0,Gown protective,378,Mason,100000000,0.1
406,2.0,1.0,Gown protective,14,Mecosta,100000000,0.1
407,2.0,1.0,Gown protective,320,Menominee,100000000,0.1
408,2.0,1.0,Gown protective,875,Midland,100000000,0.1
409,2.0,1.0,Gown protective,704,Missaukee,100000000,0.1
410,2.0,1.0,Gown protective,196,Monroe,100000000,0.1
411,2.0,1.0,Gown protective,4324,Montcalm,100000000,0.1
412,2.0,1.0,Gown protective,273,Oceana,100000000,0.1
413,2.0,1.0,Gown protective,3797,Ogemaw,100000000,0.1
414,2.0,1.0,Gown protective,36370,Osceola,100000000,0.1
415,2.0,1.0,Gown protective,1090,Oscoda,100000000,0.1
416,2.0,1.0,Gown protective,1222,Presque Isle,100000000,0.1
417,2.0,1.0,Gown protective,2072,Roscommon,100000000,0.1
418,2.0,1.0,Gown protective,324,Sanilac,100000000,0.1
419,2.0,1.0,Gown protective,298,Schoolcraft,100000000,0.1
420,2.0,1.0,Gown protective,138,Van Buren,100000000,0.1
421,2.0,1.0,Gown protective,110,Washtenaw,100000000,0.1
422,2.0,1.0,Gown protective,839,Wexford,100000000,0.1
423,2.0,1.0,InvasiveVentilators,161,Alcona,100000000,0.1
424,2.0,1.0,InvasiveVentilators,12,Alger,100000000,0.1
425,2.0,1.0,InvasiveVentilators,98,Allegan,100000000,0.1
426,2.0,1.0,InvasiveVentilators,156,Antrim,100000000,0.1
427,2.0,1.0,InvasiveVentilators,1831,Baraga,100000000,0.1
428,2.0,1.0,InvasiveVentilators,232,Barry,100000000,0.1
429,2.0,1.0,InvasiveVentilators,569,Benzie,100000000,0.1
430,2.0,1.0,InvasiveVentilators,223,Delta,100000000,0.1
431,2.0,1.0,InvasiveVentilators,136,Dickinson,100000000,0.1
432,2.0,1.0,InvasiveVentilators,333,Eaton,100000000,0.1
433,2.0,1.0,InvasiveVentilators,21,Emmet,100000000,0.1
434,2.0,1.0,InvasiveVentilators,1431,Gogebic,100000000,0.1
435,2.0,1.0,InvasiveVentilators,184,Grand Traverse,100000000,0.1
436,2.0,1.0,InvasiveVentilators,20,Gratiot,100000000,0.1
437,2.0,1.0,InvasiveVentilators,159,Houghton,100000000,0.1
438,2.0,1.0,InvasiveVentilators,62,Huron,100000000,0.1
439,2.0,1.0,InvasiveVentilators,612,Iron,100000000,0.1
440,2.0,1.0,InvasiveVentilators,2304,Isabella,100000000,0.1
441,2.0,1.0,InvasiveVentilators,118,Kalamazoo,100000000,0.1
442,2.0,1.0,InvasiveVentilators,3669,Kalkaska,100000000,0.1
443,2.0,1.0,InvasiveVentilators,224,Kent,100000000,0.1
444,2.0,1.0,InvasiveVentilators,221,Keweenaw,100000000,0.1
445,2.0,1.0,InvasiveVentilators,372,Lake,100000000,0.1
446,2.0,1.0,InvasiveVentilators,52,Lapeer,100000000,0.1
447,2.0,1.0,InvasiveVentilators,1023,Leelanau,100000000,0.1
448,2.0,1.0,InvasiveVentilators,88,Lenawee,100000000,0.1
449,2.0,1.0,InvasiveVentilators,1068,Livingston,100000000,0.1
450,2.0,1.0,InvasiveVentilators,110,Manistee,100000000,0.1
451,2.0,1.0,InvasiveVentilators,574,Marquette,100000000,0.1
452,2.0,1.0,InvasiveVentilators,114,Mason,100000000,0.1
453,2.0,1.0,InvasiveVentilators,5,Mecosta,100000000,0.1
454,2.0,1.0,InvasiveVentilators,96,Menominee,100000000,0.1
455,2.0,1.0,InvasiveVentilators,263,Midland,100000000,0.1
456,2.0,1.0,InvasiveVentilators,212,Missaukee,100000000,0.1
457,2.0,1.0,InvasiveVentilators,59,Monroe,100000000,0.1
458,2.0,1.0,InvasiveVentilators,1298,Montcalm,100000000,0.1
459,2.0,1.0,InvasiveVentilators,82,Oceana,100000000,0.1
460,2.0,1.0,InvasiveVentilators,1140,Ogemaw,100000000,0.1
461,2.0,1.0,InvasiveVentilators,10911,Osceola,100000000,0.1
462,2.0,1.0,InvasiveVentilators,327,Oscoda,100000000,0.1
463,2.0,1.0,InvasiveVentilators,367,Presque Isle,100000000,0.1
464,2.0,1.0,InvasiveVentilators,622,Roscommon,100000000,0.1
465,2.0,1.0,InvasiveVentilators,98,Sanilac,100000000,0.1
466,2.0,1.0,InvasiveVentilators,90,Schoolcraft,100000000,0.1
467,2.0,1.0,InvasiveVentilators,42,Van Buren,100000000,0.1
468,2.0,1.0,InvasiveVentilators,33,Washtenaw,100000000,0.1
469,2.0,1.0,InvasiveVentilators,252,Wexford,100000000,0.1
470,2.0,1.0,IV Catheters,536,Alcona,100000000,0.1
471,2.0,1.0,IV Catheters,39,Alger,100000000,0.1
472,2.0,1.0,IV Catheters,325,Allegan,100000000,0.1
473,2.0,1.0,IV Catheters,518,Antrim,100000000,0.1
474,2.0,1.0,IV Catheters,6102,Baraga,100000000,0.1
475,2.0,1.0,IV Catheters,772,Barry,100000000,0.1
476,2.0,1.0,IV Catheters,1896,Benzie,100000000,0.1
477,2.0,1.0,IV Catheters,741,Delta,100000000,0.1
478,2.0,1.0,IV Catheters,452,Dickinson,100000000,0.1
479,2.0,1.0,IV Catheters,1109,Eaton,100000000,0.1
480,2.0,1.0,IV Catheters,69,Emmet,100000000,0.1
481,2.0,1.0,IV Catheters,4768,Gogebic,100000000,0.1
482,2.0,1.0,IV Catheters,612,Grand Traverse,100000000,0.1
483,2.0,1.0,IV Catheters,64,Gratiot,100000000,0.1
484,2.0,1.0,IV Catheters,530,Houghton,100000000,0.1
485,2.0,1.0,IV Catheters,206,Huron,100000000,0.1
486,2.0,1.0,IV Catheters,2038,Iron,100000000,0.1
487,2.0,1.0,IV Catheters,7677,Isabella,100000000,0.1
488,2.0,1.0,IV Catheters,392,Kalamazoo,100000000,0.1
489,2.0,1.0,IV Catheters,12228,Kalkaska,100000000,0.1
490,2.0,1.0,IV Catheters,746,Kent,100000000,0.1
491,2.0,1.0,IV Catheters,734,Keweenaw,100000000,0.1
492,2.0,1.0,IV Catheters,1238,Lake,100000000,0.1
493,2.0,1.0,IV Catheters,172,Lapeer,100000000,0.1
494,2.0,1.0,IV Catheters,3408,Leelanau,100000000,0.1
495,2.0,1.0,IV Catheters,292,Lenawee,100000000,0.1
496,2.0,1.0,IV Catheters,3560,Livingston,100000000,0.1
497,2.0,1.0,IV Catheters,364,Manistee,100000000,0.1
498,2.0,1.0,IV Catheters,1913,Marquette,100000000,0.1
499,2.0,1.0,IV Catheters,378,Mason,100000000,0.1
500,2.0,1.0,IV Catheters,14,Mecosta,100000000,0.1
501,2.0,1.0,IV Catheters,320,Menominee,100000000,0.1
502,2.0,1.0,IV Catheters,875,Midland,100000000,0.1
503,2.0,1.0,IV Catheters,704,Missaukee,100000000,0.1
504,2.0,1.0,IV Catheters,196,Monroe,100000000,0.1
505,2.0,1.0,IV Catheters,4324,Montcalm,100000000,0.1
506,2.0,1.0,IV Catheters,273,Oceana,100000000,0.1
507,2.0,1.0,IV Catheters,3797,Ogemaw,100000000,0.1
508,2.0,1.0,IV Catheters,36370,Osceola,100000000,0.1
509,2.0,1.0,IV Catheters,1090,Oscoda,100000000,0.1
510,2.0,1.0,IV Catheters,1222,Presque Isle,100000000,0.1
511,2.0,1.0,IV Catheters,2072,Roscommon,100000000,0.1
512,2.0,1.0,IV Catheters,324,Sanilac,100000000,0.1
513,2.0,1.0,IV Catheters,298,Schoolcraft,100000000,0.1
514,2.0,1.0,IV Catheters,138,Van Buren,100000000,0.1
515,2.0,1.0,IV Catheters,110,Washtenaw,100000000,0.1
516,2.0,1.0,IV Catheters,839,Wexford,100000000,0.1
517,2.0,1.0,Lab extraction kit,536,Alcona,100000000,0.1
518,2.0,1.0,Lab extraction kit,39,Alger,100000000,0.1
519,2.0,1.0,Lab extraction kit,325,Allegan,100000000,0.1
520,2.0,1.0,Lab extraction kit,518,Antrim,100000000,0.1
521,2.0,1.0,Lab extraction kit,6102,Baraga,100000000,0.1
522,2.0,1.0,Lab extraction kit,772,Barry,100000000,0.1
523,2.0,1.0,Lab extraction kit,1896,Benzie,100000000,0.1
524,2.0,1.0,Lab extraction kit,741,Delta,100000000,0.1
525,2.0,1.0,Lab extraction kit,452,Dickinson,100000000,0.1
526,2.0,1.0,Lab extraction kit,1109,Eaton,100000000,0.1
527,2.0,1.0,Lab extraction kit,69,Emmet,100000000,0.1
528,2.0,1.0,Lab extraction kit,4768,Gogebic,100000000,0.1
529,2.0,1.0,Lab extraction kit,612,Grand Traverse,100000000,0.1
530,2.0,1.0,Lab extraction kit,64,Gratiot,100000000,0.1
531,2.0,1.0,Lab extraction kit,530,Houghton,100000000,0.1
532,2.0,1.0,Lab extraction kit,206,Huron,100000000,0.1
533,2.0,1.0,Lab extraction kit,2038,Iron,100000000,0.1
534,2.0,1.0,Lab extraction kit,7677,Isabella,100000000,0.1
535,2.0,1.0,Lab extraction kit,392,Kalamazoo,100000000,0.1
536,2.0,1.0,Lab extraction kit,12228,Kalkaska,100000000,0.1
537,2.0,1.0,Lab extraction kit,746,Kent,100000000,0.1
538,2.0,1.0,Lab extraction kit,734,Keweenaw,100000000,0.1
539,2.0,1.0,Lab extraction kit,1238,Lake,100000000,0.1
540,2.0,1.0,Lab extraction kit,172,Lapeer,100000000,0.1
541,2.0,1.0,Lab extraction kit,3408,Leelanau,100000000,0.1
542,2.0,1.0,Lab extraction kit,292,Lenawee,100000000,0.1
543,2.0,1.0,Lab extraction kit,3560,Livingston,100000000,0.1
544,2.0,1.0,Lab extraction kit,364,Manistee,100000000,0.1
545,2.0,1.0,Lab extraction kit,1913,Marquette,100000000,0.1
546,2.0,1.0,Lab extraction kit,378,Mason,100000000,0.1
547,2.0,1.0,Lab extraction kit,14,Mecosta,100000000,0.1
548,2.0,1.0,Lab extraction kit,320,Menominee,100000000,0.1
549,2.0,1.0,Lab extraction kit,875,Midland,100000000,0.1
550,2.0,1.0,Lab extraction kit,704,Missaukee,100000000,0.1
551,2.0,1.0,Lab extraction kit,196,Monroe,100000000,0.1
552,2.0,1.0,Lab extraction kit,4324,Montcalm,100000000,0.1
553,2.0,1.0,Lab extraction kit,273,Oceana,100000000,0.1
554,2.0,1.0,Lab extraction kit,3797,Ogemaw,100000000,0.1
555,2.0,1.0,Lab extraction kit,36370,Osceola,100000000,0.1
556,2.0,1.0,Lab extraction kit,1090,Oscoda,100000000,0.1
557,2.0,1.0,Lab extraction kit,1222,Presque Isle,100000000,0.1
558,2.0,1.0,Lab extraction kit,2072,Roscommon,100000000,0.1
559,2.0,1.0,Lab extraction kit,324,Sanilac,100000000,0.1
560,2.0,1.0,Lab extraction kit,298,Schoolcraft,100000000,0.1
561,2.0,1.0,Lab extraction kit,138,Van Buren,100000000,0.1
562,2.0,1.0,Lab extraction kit,110,Washtenaw,100000000,0.1
563,2.0,1.0,Lab extraction kit,839,Wexford,100000000,0.1
564,2.0,1.0,Lab screening test kit,536,Alcona,100000000,0.1
565,2.0,1.0,Lab screening test kit,39,Alger,100000000,0.1
566,2.0,1.0,Lab screening test kit,325,Allegan,100000000,0.1
567,2.0,1.0,Lab screening test kit,518,Antrim,100000000,0.1
568,2.0,1.0,Lab screening test kit,6102,Baraga,100000000,0.1
569,2.0,1.0,Lab screening test kit,772,Barry,100000000,0.1
570,2.0,1.0,Lab screening test kit,1896,Benzie,100000000,0.1
571,2.0,1.0,Lab screening test kit,741,Delta,100000000,0.1
572,2.0,1.0,Lab screening test kit,452,Dickinson,100000000,0.1
573,2.0,1.0,Lab screening test kit,1109,Eaton,100000000,0.1
574,2.0,1.0,Lab screening test kit,69,Emmet,100000000,0.1
575,2.0,1.0,Lab screening test kit,4768,Gogebic,100000000,0.1
576,2.0,1.0,Lab screening test kit,612,Grand Traverse,100000000,0.1
577,2.0,1.0,Lab screening test kit,64,Gratiot,100000000,0.1
578,2.0,1.0,Lab screening test kit,530,Houghton,100000000,0.1
579,2.0,1.0,Lab screening test kit,206,Huron,100000000,0.1
580,2.0,1.0,Lab screening test kit,2038,Iron,100000000,0.1
581,2.0,1.0,Lab screening test kit,7677,Isabella,100000000,0.1
582,2.0,1.0,Lab screening test kit,392,Kalamazoo,100000000,0.1
583,2.0,1.0,Lab screening test kit,12228,Kalkaska,100000000,0.1
584,2.0,1.0,Lab screening test kit,746,Kent,100000000,0.1
585,2.0,1.0,Lab screening test kit,734,Keweenaw,100000000,0.1
586,2.0,1.0,Lab screening test kit,1238,Lake,100000000,0.1
587,2.0,1.0,Lab screening test kit,172,Lapeer,100000000,0.1
588,2.0,1.0,Lab screening test kit,3408,Leelanau,100000000,0.1
589,2.0,1.0,Lab screening test kit,292,Lenawee,100000000,0.1
590,2.0,1.0,Lab screening test kit,3560,Livingston,100000000,0.1
591,2.0,1.0,Lab screening test kit,364,Manistee,100000000,0.1
592,2.0,1.0,Lab screening test kit,1913,Marquette,100000000,0.1
593,2.0,1.0,Lab screening test kit,378,Mason,100000000,0.1
594,2.0,1.0,Lab screening test kit,14,Mecosta,100000000,0.1
595,2.0,1.0,Lab screening test kit,320,Menominee,100000000,0.1
596,2.0,1.0,Lab screening test kit,875,Midland,100000000,0.1
597,2.0,1.0,Lab screening test kit,704,Missaukee,100000000,0.1
598,2.0,1.0,Lab screening test kit,196,Monroe,100000000,0.1
599,2.0,1.0,Lab screening test kit,4324,Montcalm,100000000,0.1
600,2.0,1.0,Lab screening test kit,273,Oceana,100000000,0.1
601,2.0,1.0,Lab screening test kit,3797,Ogemaw,100000000,0.1
602,2.0,1.0,Lab screening test kit,36370,Osceola,100000000,0.1
603,2.0,1.0,Lab screening test kit,1090,Oscoda,100000000,0.1
604,2.0,1.0,Lab screening test kit,1222,Presque Isle,100000000,0.1
605,2.0,1.0,Lab screening test kit,2072,Roscommon,100000000,0.1
606,2.0,1.0,Lab screening test kit,324,Sanilac,100000000,0.1
607,2.0,1.0,Lab screening test kit,298,Schoolcraft,100000000,0.1
608,2.0,1.0,Lab screening test kit,138,Van Buren,100000000,0.1
609,2.0,1.0,Lab screening test kit,110,Washtenaw,100000000,0.1
610,2.0,1.0,Lab screening test kit,839,Wexford,100000000,0.1
611,1.0,1.0,Liquid soap,268,Alcona,100000000,0.1
612,1.0,1.0,Liquid soap,20,Alger,100000000,0.1
613,1.0,1.0,Liquid soap,163,Allegan,100000000,0.1
614,1.0,1.0,Liquid soap,259,Antrim,100000000,0.1
615,1.0,1.0,Liquid soap,3051,Baraga,100000000,0.1
616,1.0,1.0,Liquid soap,386,Barry,100000000,0.1
617,1.0,1.0,Liquid soap,948,Benzie,100000000,0.1
618,1.0,1.0,Liquid soap,371,Delta,100000000,0.1
619,1.0,1.0,Liquid soap,226,Dickinson,100000000,0.1
620,1.0,1.0,Liquid soap,555,Eaton,100000000,0.1
621,1.0,1.0,Liquid soap,35,Emmet,100000000,0.1
622,1.0,1.0,Liquid soap,2384,Gogebic,100000000,0.1
623,1.0,1.0,Liquid soap,306,Grand Traverse,100000000,0.1
624,1.0,1.0,Liquid soap,32,Gratiot,100000000,0.1
625,1.0,1.0,Liquid soap,265,Houghton,100000000,0.1
626,1.0,1.0,Liquid soap,103,Huron,100000000,0.1
627,1.0,1.0,Liquid soap,1019,Iron,100000000,0.1
628,1.0,1.0,Liquid soap,3839,Isabella,100000000,0.1
629,1.0,1.0,Liquid soap,196,Kalamazoo,100000000,0.1
630,2.0,1.0,Liquid soap,6114,Kalkaska,100000000,0.1
631,1.0,1.0,Liquid soap,373,Kent,100000000,0.1
632,1.0,1.0,Liquid soap,367,Keweenaw,100000000,0.1
633,1.0,1.0,Liquid soap,619,Lake,100000000,0.1
634,1.0,1.0,Liquid soap,86,Lapeer,100000000,0.1
635,1.0,1.0,Liquid soap,1704,Leelanau,100000000,0.1
636,1.0,1.0,Liquid soap,146,Lenawee,100000000,0.1
637,1.0,1.0,Liquid soap,1780,Livingston,100000000,0.1
638,1.0,1.0,Liquid soap,182,Manistee,100000000,0.1
639,1.0,1.0,Liquid soap,957,Marquette,100000000,0.1
640,1.0,1.0,Liquid soap,189,Mason,100000000,0.1
641,1.0,1.0,Liquid soap,7,Mecosta,100000000,0.1
642,1.0,1.0,Liquid soap,160,Menominee,100000000,0.1
643,1.0,1.0,Liquid soap,438,Midland,100000000,0.1
644,1.0,1.0,Liquid soap,352,Missaukee,100000000,0.1
645,1.0,1.0,Liquid soap,98,Monroe,100000000,0.1
646,1.0,1.0,Liquid soap,2162,Montcalm,100000000,0.1
647,1.0,1.0,Liquid soap,137,Oceana,100000000,0.1
648,1.0,1.0,Liquid soap,1899,Ogemaw,100000000,0.1
649,1.0,1.0,Liquid soap,18185,Osceola,100000000,0.1
650,1.0,1.0,Liquid soap,545,Oscoda,100000000,0.1
651,1.0,1.0,Liquid soap,611,Presque Isle,100000000,0.1
652,1.0,1.0,Liquid soap,1036,Roscommon,100000000,0.1
653,1.0,1.0,Liquid soap,162,Sanilac,100000000,0.1
654,1.0,1.0,Liquid soap,149,Schoolcraft,100000000,0.1
655,1.0,1.0,Liquid soap,69,Van Buren,100000000,0.1
656,1.0,1.0,Liquid soap,55,Washtenaw,100000000,0.1
657,1.0,1.0,Liquid soap,420,Wexford,100000000,0.1
658,2.0,1.0,M4 viral media,536,Alcona,100000000,0.1
659,2.0,1.0,M4 viral media,39,Alger,100000000,0.1
660,2.0,1.0,M4 viral media,325,Allegan,100000000,0.1
661,2.0,1.0,M4 viral media,518,Antrim,100000000,0.1
662,2.0,1.0,M4 viral media,6102,Baraga,100000000,0.1
663,2.0,1.0,M4 viral media,772,Barry,100000000,0.1
664,2.0,1.0,M4 viral media,1896,Benzie,100000000,0.1
665,2.0,1.0,M4 viral media,741,Delta,100000000,0.1
666,2.0,1.0,M4 viral media,452,Dickinson,100000000,0.1
667,2.0,1.0,M4 viral media,1109,Eaton,100000000,0.1
668,2.0,1.0,M4 viral media,69,Emmet,100000000,0.1
669,2.0,1.0,M4 viral media,4768,Gogebic,100000000,0.1
670,2.0,1.0,M4 viral media,612,Grand Traverse,100000000,0.1
671,2.0,1.0,M4 viral media,64,Gratiot,100000000,0.1
672,2.0,1.0,M4 viral media,530,Houghton,100000000,0.1
673,2.0,1.0,M4 viral media,206,Huron,100000000,0.1
674,2.0,1.0,M4 viral media,2038,Iron,100000000,0.1
675,2.0,1.0,M4 viral media,7677,Isabella,100000000,0.1
676,2.0,1.0,M4 viral media,392,Kalamazoo,100000000,0.1
677,2.0,1.0,M4 viral media,12228,Kalkaska,100000000,0.1
678,2.0,1.0,M4 viral media,746,Kent,100000000,0.1
679,2.0,1.0,M4 viral media,734,Keweenaw,100000000,0.1
680,2.0,1.0,M4 viral media,1238,Lake,100000000,0.1
681,2.0,1.0,M4 viral media,172,Lapeer,100000000,0.1
682,2.0,1.0,M4 viral media,3408,Leelanau,100000000,0.1
683,2.0,1.0,M4 viral media,292,Lenawee,100000000,0.1
684,2.0,1.0,M4 viral media,3560,Livingston,100000000,0.1
685,2.0,1.0,M4 viral media,364,Manistee,100000000,0.1
686,2.0,1.0,M4 viral media,1913,Marquette,100000000,0.1
687,2.0,1.0,M4 viral media,378,Mason,100000000,0.1
688,2.0,1.0,M4 viral media,14,Mecosta,100000000,0.1
689,2.0,1.0,M4 viral media,320,Menominee,100000000,0.1
690,2.0,1.0,M4 viral media,875,Midland,100000000,0.1
691,2.0,1.0,M4 viral media,704,Missaukee,100000000,0.1
692,2.0,1.0,M4 viral media,196,Monroe,100000000,0.1
693,2.0,1.0,M4 viral media,4324,Montcalm,100000000,0.1
694,2.0,1.0,M4 viral media,273,Oceana,100000000,0.1
695,2.0,1.0,M4 viral media,3797,Ogemaw,100000000,0.1
696,2.0,1.0,M4 viral media,36370,Osceola,100000000,0.1
697,2.0,1.0,M4 viral media,1090,Oscoda,100000000,0.1
698,2.0,1.0,M4 viral media,1222,Presque Isle,100000000,0.1
699,2.0,1.0,M4 viral media,2072,Roscommon,100000000,0.1
700,2.0,1.0,M4 viral media,324,Sanilac,100000000,0.1
701,2.0,1.0,M4 viral media,298,Schoolcraft,100000000,0.1
702,2.0,1.0,M4 viral media,138,Van Buren,100000000,0.1
703,2.0,1.0,M4 viral media,110,Washtenaw,100000000,0.1
704,2.0,1.0,M4 viral media,839,Wexford,100000000,0.1
705,2.0,1.0,Mask medical,536,Alcona,100000000,0.1
706,2.0,1.0,Mask medical,39,Alger,100000000,0.1
707,2.0,1.0,Mask medical,325,Allegan,100000000,0.1
708,2.0,1.0,Mask medical,518,Antrim,100000000,0.1
709,2.0,1.0,Mask medical,6102,Baraga,100000000,0.1
710,2.0,1.0,Mask medical,772,Barry,100000000,0.1
711,2.0,1.0,Mask medical,1896,Benzie,100000000,0.1
712,2.0,1.0,Mask medical,741,Delta,100000000,0.1
713,2.0,1.0,Mask medical,452,Dickinson,100000000,0.1
714,2.0,1.0,Mask medical,1109,Eaton,100000000,0.1
715,2.0,1.0,Mask medical,69,Emmet,100000000,0.1
716,2.0,1.0,Mask medical,4768,Gogebic,100000000,0.1
717,2.0,1.0,Mask medical,612,Grand Traverse,100000000,0.1
718,2.0,1.0,Mask medical,64,Gratiot,100000000,0.1
719,2.0,1.0,Mask medical,530,Houghton,100000000,0.1
720,2.0,1.0,Mask medical,206,Huron,100000000,0.1
721,2.0,1.0,Mask medical,2038,Iron,100000000,0.1
722,2.0,1.0,Mask medical,7677,Isabella,100000000,0.1
723,2.0,1.0,Mask medical,392,Kalamazoo,100000000,0.1
724,2.0,1.0,Mask medical,12228,Kalkaska,100000000,0.1
725,2.0,1.0,Mask medical,746,Kent,100000000,0.1
726,2.0,1.0,Mask medical,734,Keweenaw,100000000,0.1
727,2.0,1.0,Mask medical,1238,Lake,100000000,0.1
728,2.0,1.0,Mask medical,172,Lapeer,100000000,0.1
729,2.0,1.0,Mask medical,3408,Leelanau,100000000,0.1
730,2.0,1.0,Mask medical,292,Lenawee,100000000,0.1
731,2.0,1.0,Mask medical,3560,Livingston,100000000,0.1
732,2.0,1.0,Mask medical,364,Manistee,100000000,0.1
733,2.0,1.0,Mask medical,1913,Marquette,100000000,0.1
734,2.0,1.0,Mask medical,378,Mason,100000000,0.1
735,2.0,1.0,Mask medical,14,Mecosta,100000000,0.1
736,2.0,1.0,Mask medical,320,Menominee,100000000,0.1
737,2.0,1.0,Mask medical,875,Midland,100000000,0.1
738,2.0,1.0,Mask medical,704,Missaukee,100000000,0.1
739,2.0,1.0,Mask medical,196,Monroe,100000000,0.1
740,2.0,1.0,Mask medical,4324,Montcalm,100000000,0.1
741,2.0,1.0,Mask medical,273,Oceana,100000000,0.1
742,2.0,1.0,Mask medical,3797,Ogemaw,100000000,0.1
743,2.0,1.0,Mask medical,36370,Osceola,100000000,0.1
744,2.0,1.0,Mask medical,1090,Oscoda,100000000,0.1
745,2.0,1.0,Mask medical,1222,Presque Isle,100000000,0.1
746,2.0,1.0,Mask medical,2072,Roscommon,100000000,0.1
747,2.0,1.0,Mask medical,324,Sanilac,100000000,0.1
748,2.0,1.0,Mask medical,298,Schoolcraft,100000000,0.1
749,2.0,1.0,Mask medical,138,Van Buren,100000000,0.1
750,2.0,1.0,Mask medical,110,Washtenaw,100000000,0.1
751,2.0,1.0,Mask medical,839,Wexford,100000000,0.1
752,2.0,1.0,Nasal testing swabs,536,Alcona,100000000,0.1
753,2.0,1.0,Nasal testing swabs,39,Alger,100000000,0.1
754,2.0,1.0,Nasal testing swabs,325,Allegan,100000000,0.1
755,2.0,1.0,Nasal testing swabs,518,Antrim,100000000,0.1
756,2.0,1.0,Nasal testing swabs,6102,Baraga,100000000,0.1
757,2.0,1.0,Nasal testing swabs,772,Barry,100000000,0.1
758,2.0,1.0,Nasal testing swabs,1896,Benzie,100000000,0.1
759,2.0,1.0,Nasal testing swabs,741,Delta,100000000,0.1
760,2.0,1.0,Nasal testing swabs,452,Dickinson,100000000,0.1
761,2.0,1.0,Nasal testing swabs,1109,Eaton,100000000,0.1
762,2.0,1.0,Nasal testing swabs,69,Emmet,100000000,0.1
763,2.0,1.0,Nasal testing swabs,4768,Gogebic,100000000,0.1
764,2.0,1.0,Nasal testing swabs,612,Grand Traverse,100000000,0.1
765,2.0,1.0,Nasal testing swabs,64,Gratiot,100000000,0.1
766,2.0,1.0,Nasal testing swabs,530,Houghton,100000000,0.1
767,2.0,1.0,Nasal testing swabs,206,Huron,100000000,0.1
768,2.0,1.0,Nasal testing swabs,2038,Iron,100000000,0.1
769,2.0,1.0,Nasal testing swabs,7677,Isabella,100000000,0.1
770,2.0,1.0,Nasal testing swabs,392,Kalamazoo,100000000,0.1
771,2.0,1.0,Nasal testing swabs,12228,Kalkaska,100000000,0.1
772,2.0,1.0,Nasal testing swabs,746,Kent,100000000,0.1
773,2.0,1.0,Nasal testing swabs,734,Keweenaw,100000000,0.1
774,2.0,1.0,Nasal testing swabs,1238,Lake,100000000,0.1
775,2.0,1.0,Nasal testing swabs,172,Lapeer,100000000,0.1
776,2.0,1.0,Nasal testing swabs,3408,Leelanau,100000000,0.1
777,2.0,1.0,Nasal testing swabs,292,Lenawee,100000000,0.1
778,2.0,1.0,Nasal testing swabs,3560,Livingston,100000000,0.1
779,2.0,1.0,Nasal testing swabs,364,Manistee,100000000,0.1
780,2.0,1.0,Nasal testing swabs,1913,Marquette,100000000,0.1
781,2.0,1.0,Nasal testing swabs,378,Mason,100000000,0.1
782,2.0,1.0,Nasal testing swabs,14,Mecosta,100000000,0.1
783,2.0,1.0,Nasal testing swabs,320,Menominee,100000000,0.1
784,2.0,1.0,Nasal testing swabs,875,Midland,100000000,0.1
785,2.0,1.0,Nasal testing swabs,704,Missaukee,100000000,0.1
786,2.0,1.0,Nasal testing swabs,196,Monroe,100000000,0.1
787,2.0,1.0,Nasal testing swabs,4324,Montcalm,100000000,0.1
788,2.0,1.0,Nasal testing swabs,273,Oceana,100000000,0.1
789,2.0,1.0,Nasal testing swabs,3797,Ogemaw,100000000,0.1
790,2.0,1.0,Nasal testing swabs,36370,Osceola,100000000,0.1
791,2.0,1.0,Nasal testing swabs,1090,Oscoda,100000000,0.1
792,2.0,1.0,Nasal testing swabs,1222,Presque Isle,100000000,0.1
793,2.0,1.0,Nasal testing swabs,2072,Roscommon,100000000,0.1
794,2.0,1.0,Nasal testing swabs,324,Sanilac,100000000,0.1
795,2.0,1.0,Nasal testing swabs,298,Schoolcraft,100000000,0.1
796,2.0,1.0,Nasal testing swabs,138,Van Buren,100000000,0.1
797,2.0,1.0,Nasal testing swabs,110,Washtenaw,100000000,0.1
798,2.0,1.0,Nasal testing swabs,839,Wexford,100000000,0.1
799,2.0,1.0,Needles,27,Alcona,100000000,0.1
800,2.0,1.0,Needles,2,Alger,100000000,0.1
801,2.0,1.0,Needles,17,Allegan,100000000,0.1
802,2.0,1.0,Needles,26,Antrim,100000000,0.1
803,2.0,1.0,Needles,306,Baraga,100000000,0.1
804,2.0,1.0,Needles,39,Barry,100000000,0.1
805,2.0,1.0,Needles,95,Benzie,100000000,0.1
806,2.0,1.0,Needles,38,Delta,100000000,0.1
807,2.0,1.0,Needles,23,Dickinson,100000000,0.1
808,2.0,1.0,Needles,56,Eaton,100000000,0.1
809,3.0,1.0,Needles,4,Emmet,100000000,0.1
810,2.0,1.0,Needles,239,Gogebic,100000000,0.1
811,2.0,1.0,Needles,31,Grand Traverse,100000000,0.1
812,3.0,1.0,Needles,4,Gratiot,100000000,0.1
813,2.0,1.0,Needles,27,Houghton,100000000,0.1
814,2.0,1.0,Needles,11,Huron,100000000,0.1
815,2.0,1.0,Needles,102,Iron,100000000,0.1
816,2.0,1.0,Needles,384,Isabella,100000000,0.1
817,2.0,1.0,Needles,20,Kalamazoo,100000000,0.1
818,2.0,1.0,Needles,612,Kalkaska,100000000,0.1
819,2.0,1.0,Needles,38,Kent,100000000,0.1
820,2.0,1.0,Needles,37,Keweenaw,100000000,0.1
821,2.0,1.0,Needles,62,Lake,100000000,0.1
822,2.0,1.0,Needles,9,Lapeer,100000000,0.1
823,2.0,1.0,Needles,171,Leelanau,100000000,0.1
824,2.0,1.0,Needles,15,Lenawee,100000000,0.1
825,2.0,1.0,Needles,178,Livingston,100000000,0.1
826,2.0,1.0,Needles,19,Manistee,100000000,0.1
827,2.0,1.0,Needles,96,Marquette,100000000,0.1
828,2.0,1.0,Needles,19,Mason,100000000,0.1
829,1.0,1.0,Needles,1,Mecosta,100000000,0.1
830,2.0,1.0,Needles,16,Menominee,100000000,0.1
831,2.0,1.0,Needles,44,Midland,100000000,0.1
832,2.0,1.0,Needles,36,Missaukee,100000000,0.1
833,2.0,1.0,Needles,10,Monroe,100000000,0.1
834,2.0,1.0,Needles,217,Montcalm,100000000,0.1
835,2.0,1.0,Needles,14,Oceana,100000000,0.1
836,2.0,1.0,Needles,190,Ogemaw,100000000,0.1
837,2.0,1.0,Needles,1819,Osceola,100000000,0.1
838,2.0,1.0,Needles,55,Oscoda,100000000,0.1
839,2.0,1.0,Needles,62,Presque Isle,100000000,0.1
840,2.0,1.0,Needles,104,Roscommon,100000000,0.1
841,2.0,1.0,Needles,17,Sanilac,100000000,0.1
842,2.0,1.0,Needles,15,Schoolcraft,100000000,0.1
843,2.0,1.0,Needles,7,Van Buren,100000000,0.1
844,2.0,1.0,Needles,6,Washtenaw,100000000,0.1
845,2.0,1.0,Needles,42,Wexford,100000000,0.1
846,2.0,1.0,Non contact infrared Thermometer,22,Alcona,100000000,0.1
847,2.0,1.0,Non contact infrared Thermometer,2,Alger,100000000,0.1
848,2.0,1.0,Non contact infrared Thermometer,13,Allegan,100000000,0.1
849,2.0,1.0,Non contact infrared Thermometer,21,Antrim,100000000,0.1
850,2.0,1.0,Non contact infrared Thermometer,245,Baraga,100000000,0.1
851,2.0,1.0,Non contact infrared Thermometer,31,Barry,100000000,0.1
852,2.0,1.0,Non contact infrared Thermometer,76,Benzie,100000000,0.1
853,2.0,1.0,Non contact infrared Thermometer,30,Delta,100000000,0.1
854,2.0,1.0,Non contact infrared Thermometer,19,Dickinson,100000000,0.1
855,2.0,1.0,Non contact infrared Thermometer,45,Eaton,100000000,0.1
856,3.0,1.0,Non contact infrared Thermometer,3,Emmet,100000000,0.1
857,2.0,1.0,Non contact infrared Thermometer,191,Gogebic,100000000,0.1
858,2.0,1.0,Non contact infrared Thermometer,25,Grand Traverse,100000000,0.1
859,3.0,1.0,Non contact infrared Thermometer,3,Gratiot,100000000,0.1
860,2.0,1.0,Non contact infrared Thermometer,22,Houghton,100000000,0.1
861,2.0,1.0,Non contact infrared Thermometer,9,Huron,100000000,0.1
862,2.0,1.0,Non contact infrared Thermometer,82,Iron,100000000,0.1
863,2.0,1.0,Non contact infrared Thermometer,308,Isabella,100000000,0.1
864,2.0,1.0,Non contact infrared Thermometer,16,Kalamazoo,100000000,0.1
865,2.0,1.0,Non contact infrared Thermometer,490,Kalkaska,100000000,0.1
866,2.0,1.0,Non contact infrared Thermometer,30,Kent,100000000,0.1
867,2.0,1.0,Non contact infrared Thermometer,30,Keweenaw,100000000,0.1
868,2.0,1.0,Non contact infrared Thermometer,50,Lake,100000000,0.1
869,2.0,1.0,Non contact infrared Thermometer,7,Lapeer,100000000,0.1
870,2.0,1.0,Non contact infrared Thermometer,137,Leelanau,100000000,0.1
871,2.0,1.0,Non contact infrared Thermometer,12,Lenawee,100000000,0.1
872,2.0,1.0,Non contact infrared Thermometer,143,Livingston,100000000,0.1
873,2.0,1.0,Non contact infrared Thermometer,15,Manistee,100000000,0.1
874,2.0,1.0,Non contact infrared Thermometer,77,Marquette,100000000,0.1
875,2.0,1.0,Non contact infrared Thermometer,16,Mason,100000000,0.1
876,1.0,1.0,Non contact infrared Thermometer,1,Mecosta,100000000,0.1
877,2.0,1.0,Non contact infrared Thermometer,13,Menominee,100000000,0.1
878,2.0,1.0,Non contact infrared Thermometer,35,Midland,100000000,0.1
879,2.0,1.0,Non contact infrared Thermometer,29,Missaukee,100000000,0.1
880,2.0,1.0,Non contact infrared Thermometer,8,Monroe,100000000,0.1
881,2.0,1.0,Non contact infrared Thermometer,173,Montcalm,100000000,0.1
882,2.0,1.0,Non contact infrared Thermometer,11,Oceana,100000000,0.1
883,2.0,1.0,Non contact infrared Thermometer,152,Ogemaw,100000000,0.1
884,2.0,1.0,Non contact infrared Thermometer,1455,Osceola,100000000,0.1
885,2.0,1.0,Non contact infrared Thermometer,44,Oscoda,100000000,0.1
886,2.0,1.0,Non contact infrared Thermometer,49,Presque Isle,100000000,0.1
887,2.0,1.0,Non contact infrared Thermometer,83,Roscommon,100000000,0.1
888,2.0,1.0,Non contact infrared Thermometer,13,Sanilac,100000000,0.1
889,2.0,1.0,Non contact infrared Thermometer,12,Schoolcraft,100000000,0.1
890,2.0,1.0,Non contact infrared Thermometer,6,Van Buren,100000000,0.1
891,2.0,1.0,Non contact infrared Thermometer,5,Washtenaw,100000000,0.1
892,2.0,1.0,Non contact infrared Thermometer,34,Wexford,100000000,0.1
893,2.0,1.0,Non Invasive Ventilators,322,Alcona,100000000,0.1
894,2.0,1.0,Non Invasive Ventilators,24,Alger,100000000,0.1
895,2.0,1.0,Non Invasive Ventilators,195,Allegan,100000000,0.1
896,2.0,1.0,Non Invasive Ventilators,311,Antrim,100000000,0.1
897,2.0,1.0,Non Invasive Ventilators,3662,Baraga,100000000,0.1
898,2.0,1.0,Non Invasive Ventilators,464,Barry,100000000,0.1
899,2.0,1.0,Non Invasive Ventilators,1138,Benzie,100000000,0.1
900,2.0,1.0,Non Invasive Ventilators,445,Delta,100000000,0.1
901,2.0,1.0,Non Invasive Ventilators,272,Dickinson,100000000,0.1
902,2.0,1.0,Non Invasive Ventilators,666,Eaton,100000000,0.1
903,2.0,1.0,Non Invasive Ventilators,42,Emmet,100000000,0.1
904,2.0,1.0,Non Invasive Ventilators,2861,Gogebic,100000000,0.1
905,2.0,1.0,Non Invasive Ventilators,368,Grand Traverse,100000000,0.1
906,2.0,1.0,Non Invasive Ventilators,39,Gratiot,100000000,0.1
907,2.0,1.0,Non Invasive Ventilators,318,Houghton,100000000,0.1
908,2.0,1.0,Non Invasive Ventilators,124,Huron,100000000,0.1
909,2.0,1.0,Non Invasive Ventilators,1223,Iron,100000000,0.1
910,2.0,1.0,Non Invasive Ventilators,4607,Isabella,100000000,0.1
911,2.0,1.0,Non Invasive Ventilators,236,Kalamazoo,100000000,0.1
912,2.0,1.0,Non Invasive Ventilators,7337,Kalkaska,100000000,0.1
913,2.0,1.0,Non Invasive Ventilators,448,Kent,100000000,0.1
914,2.0,1.0,Non Invasive Ventilators,441,Keweenaw,100000000,0.1
915,2.0,1.0,Non Invasive Ventilators,743,Lake,100000000,0.1
916,2.0,1.0,Non Invasive Ventilators,104,Lapeer,100000000,0.1
917,2.0,1.0,Non Invasive Ventilators,2045,Leelanau,100000000,0.1
918,2.0,1.0,Non Invasive Ventilators,176,Lenawee,100000000,0.1
919,2.0,1.0,Non Invasive Ventilators,2136,Livingston,100000000,0.1
920,2.0,1.0,Non Invasive Ventilators,219,Manistee,100000000,0.1
921,2.0,1.0,Non Invasive Ventilators,1148,Marquette,100000000,0.1
922,2.0,1.0,Non Invasive Ventilators,227,Mason,100000000,0.1
923,2.0,1.0,Non Invasive Ventilators,9,Mecosta,100000000,0.1
924,2.0,1.0,Non Invasive Ventilators,192,Menominee,100000000,0.1
925,2.0,1.0,Non Invasive Ventilators,525,Midland,100000000,0.1
926,2.0,1.0,Non Invasive Ventilators,423,Missaukee,100000000,0.1
927,2.0,1.0,Non Invasive Ventilators,118,Monroe,100000000,0.1
928,2.0,1.0,Non Invasive Ventilators,2595,Montcalm,100000000,0.1
929,2.0,1.0,Non Invasive Ventilators,164,Oceana,100000000,0.1
930,2.0,1.0,Non Invasive Ventilators,2279,Ogemaw,100000000,0.1
931,2.0,1.0,Non Invasive Ventilators,21822,Osceola,100000000,0.1
932,2.0,1.0,Non Invasive Ventilators,654,Oscoda,100000000,0.1
933,2.0,1.0,Non Invasive Ventilators,734,Presque Isle,100000000,0.1
934,2.0,1.0,Non Invasive Ventilators,1244,Roscommon,100000000,0.1
935,2.0,1.0,Non Invasive Ventilators,195,Sanilac,100000000,0.1
936,2.0,1.0,Non Invasive Ventilators,179,Schoolcraft,100000000,0.1
937,2.0,1.0,Non Invasive Ventilators,83,Van Buren,100000000,0.1
938,2.0,1.0,Non Invasive Ventilators,66,Washtenaw,100000000,0.1
939,2.0,1.0,Non Invasive Ventilators,504,Wexford,100000000,0.1
940,2.0,1.0,powered air purifying respirators,215,Alcona,100000000,0.1
941,2.0,1.0,powered air purifying respirators,16,Alger,100000000,0.1
942,2.0,1.0,powered air purifying respirators,130,Allegan,100000000,0.1
943,2.0,1.0,powered air purifying respirators,208,Antrim,100000000,0.1
944,2.0,1.0,powered air purifying respirators,2441,Baraga,100000000,0.1
945,2.0,1.0,powered air purifying respirators,309,Barry,100000000,0.1
946,2.0,1.0,powered air purifying respirators,759,Benzie,100000000,0.1
947,2.0,1.0,powered air purifying respirators,297,Delta,100000000,0.1
948,2.0,1.0,powered air purifying respirators,181,Dickinson,100000000,0.1
949,2.0,1.0,powered air purifying respirators,444,Eaton,100000000,0.1
950,2.0,1.0,powered air purifying respirators,28,Emmet,100000000,0.1
951,2.0,1.0,powered air purifying respirators,1908,Gogebic,100000000,0.1
952,2.0,1.0,powered air purifying respirators,245,Grand Traverse,100000000,0.1
953,2.0,1.0,powered air purifying respirators,26,Gratiot,100000000,0.1
954,2.0,1.0,powered air purifying respirators,212,Houghton,100000000,0.1
955,2.0,1.0,powered air purifying respirators,83,Huron,100000000,0.1
956,2.0,1.0,powered air purifying respirators,816,Iron,100000000,0.1
957,2.0,1.0,powered air purifying respirators,3071,Isabella,100000000,0.1
958,2.0,1.0,powered air purifying respirators,157,Kalamazoo,100000000,0.1
959,2.0,1.0,powered air purifying respirators,4892,Kalkaska,100000000,0.1
960,2.0,1.0,powered air purifying respirators,299,Kent,100000000,0.1
961,2.0,1.0,powered air purifying respirators,294,Keweenaw,100000000,0.1
962,2.0,1.0,powered air purifying respirators,496,Lake,100000000,0.1
963,2.0,1.0,powered air purifying respirators,69,Lapeer,100000000,0.1
964,2.0,1.0,powered air purifying respirators,1364,Leelanau,100000000,0.1
965,2.0,1.0,powered air purifying respirators,117,Lenawee,100000000,0.1
966,2.0,1.0,powered air purifying respirators,1424,Livingston,100000000,0.1
967,2.0,1.0,powered air purifying respirators,146,Manistee,100000000,0.1
968,2.0,1.0,powered air purifying respirators,766,Marquette,100000000,0.1
969,2.0,1.0,powered air purifying respirators,152,Mason,100000000,0.1
970,2.0,1.0,powered air purifying respirators,6,Mecosta,100000000,0.1
971,2.0,1.0,powered air purifying respirators,128,Menominee,100000000,0.1
972,2.0,1.0,powered air purifying respirators,350,Midland,100000000,0.1
973,2.0,1.0,powered air purifying respirators,282,Missaukee,100000000,0.1
974,2.0,1.0,powered air purifying respirators,79,Monroe,100000000,0.1
975,2.0,1.0,powered air purifying respirators,1730,Montcalm,100000000,0.1
976,2.0,1.0,powered air purifying respirators,110,Oceana,100000000,0.1
977,2.0,1.0,powered air purifying respirators,1519,Ogemaw,100000000,0.1
978,2.0,1.0,powered air purifying respirators,14548,Osceola,100000000,0.1
979,2.0,1.0,powered air purifying respirators,436,Oscoda,100000000,0.1
980,2.0,1.0,powered air purifying respirators,489,Presque Isle,100000000,0.1
981,2.0,1.0,powered air purifying respirators,829,Roscommon,100000000,0.1
982,2.0,1.0,powered air purifying respirators,130,Sanilac,100000000,0.1
983,2.0,1.0,powered air purifying respirators,120,Schoolcraft,100000000,0.1
984,2.0,1.0,powered air purifying respirators,56,Van Buren,100000000,0.1
985,2.0,1.0,powered air purifying respirators,44,Washtenaw,100000000,0.1
986,2.0,1.0,powered air purifying respirators,336,Wexford,100000000,0.1
987,1.0,1.0,Safety box,3,Alcona,100000000,0.1
988,1.0,1.0,Safety box,1,Alger,100000000,0.1
989,1.0,1.0,Safety box,2,Allegan,100000000,0.1
990,1.0,1.0,Safety box,3,Antrim,100000000,0.1
991,1.0,1.0,Safety box,31,Baraga,100000000,0.1
992,1.0,1.0,Safety box,4,Barry,100000000,0.1
993,1.0,1.0,Safety box,10,Benzie,100000000,0.1
994,1.0,1.0,Safety box,4,Delta,100000000,0.1
995,1.0,1.0,Safety box,3,Dickinson,100000000,0.1
996,1.0,1.0,Safety box,6,Eaton,100000000,0.1
997,1.0,1.0,Safety box,1,Emmet,100000000,0.1
998,1.0,1.0,Safety box,24,Gogebic,100000000,0.1
999,1.0,1.0,Safety box,4,Grand Traverse,100000000,0.1
1000,1.0,1.0,Safety box,1,Gratiot,100000000,0.1
1001,1.0,1.0,Safety box,3,Houghton,100000000,0.1
1002,1.0,1.0,Safety box,2,Huron,100000000,0.1
1003,1.0,1.0,Safety box,11,Iron,100000000,0.1
1004,1.0,1.0,Safety box,39,Isabella,100000000,0.1
1005,1.0,1.0,Safety box,2,Kalamazoo,100000000,0.1
1006,1.0,1.0,Safety box,62,Kalkaska,100000000,0.1
1007,1.0,1.0,Safety box,4,Kent,100000000,0.1
1008,1.0,1.0,Safety box,4,Keweenaw,100000000,0.1
1009,1.0,1.0,Safety box,7,Lake,100000000,0.1
1010,1.0,1.0,Safety box,1,Lapeer,100000000,0.1
1011,1.0,1.0,Safety box,18,Leelanau,100000000,0.1
1012,1.0,1.0,Safety box,2,Lenawee,100000000,0.1
1013,1.0,1.0,Safety box,18,Livingston,100000000,0.1
1014,1.0,1.0,Safety box,2,Manistee,100000000,0.1
1015,1.0,1.0,Safety box,10,Marquette,100000000,0.1
1016,1.0,1.0,Safety box,2,Mason,100000000,0.1
1017,1.0,1.0,Safety box,1,Mecosta,100000000,0.1
1018,1.0,1.0,Safety box,2,Menominee,100000000,0.1
1019,1.0,1.0,Safety box,5,Midland,100000000,0.1
1020,1.0,1.0,Safety box,4,Missaukee,100000000,0.1
1021,1.0,1.0,Safety box,1,Monroe,100000000,0.1
1022,1.0,1.0,Safety box,22,Montcalm,100000000,0.1
1023,1.0,1.0,Safety box,2,Oceana,100000000,0.1
1024,1.0,1.0,Safety box,19,Ogemaw,100000000,0.1
1025,1.0,1.0,Safety box,182,Osceola,100000000,0.1
1026,1.0,1.0,Safety box,6,Oscoda,100000000,0.1
1027,1.0,1.0,Safety box,7,Presque Isle,100000000,0.1
1028,1.0,1.0,Safety box,11,Roscommon,100000000,0.1
1029,1.0,1.0,Safety box,2,Sanilac,100000000,0.1
1030,1.0,1.0,Safety box,2,Schoolcraft,100000000,0.1
1031,1.0,1.0,Safety box,1,Van Buren,100000000,0.1
1032,1.0,1.0,Safety box,1,Washtenaw,100000000,0.1
1033,1.0,1.0,Safety box,5,Wexford,100000000,0.1
1034,1.0,1.0,Scrubs pants,3,Alcona,100000000,0.1
1035,1.0,1.0,Scrubs pants,1,Alger,100000000,0.1
1036,1.0,1.0,Scrubs pants,2,Allegan,100000000,0.1
1037,1.0,1.0,Scrubs pants,3,Antrim,100000000,0.1
1038,1.0,1.0,Scrubs pants,31,Baraga,100000000,0.1
1039,1.0,1.0,Scrubs pants,4,Barry,100000000,0.1
1040,1.0,1.0,Scrubs pants,10,Benzie,100000000,0.1
1041,1.0,1.0,Scrubs pants,4,Delta,100000000,0.1
1042,1.0,1.0,Scrubs pants,3,Dickinson,100000000,0.1
1043,1.0,1.0,Scrubs pants,6,Eaton,100000000,0.1
1044,1.0,1.0,Scrubs pants,1,Emmet,100000000,0.1
1045,1.0,1.0,Scrubs pants,24,Gogebic,100000000,0.1
1046,1.0,1.0,Scrubs pants,4,Grand Traverse,100000000,0.1
1047,1.0,1.0,Scrubs pants,1,Gratiot,100000000,0.1
1048,1.0,1.0,Scrubs pants,3,Houghton,100000000,0.1
1049,1.0,1.0,Scrubs pants,2,Huron,100000000,0.1
1050,1.0,1.0,Scrubs pants,11,Iron,100000000,0.1
1051,1.0,1.0,Scrubs pants,39,Isabella,100000000,0.1
1052,1.0,1.0,Scrubs pants,2,Kalamazoo,100000000,0.1
1053,1.0,1.0,Scrubs pants,62,Kalkaska,100000000,0.1
1054,1.0,1.0,Scrubs pants,4,Kent,100000000,0.1
1055,1.0,1.0,Scrubs pants,4,Keweenaw,100000000,0.1
1056,1.0,1.0,Scrubs pants,7,Lake,100000000,0.1
1057,1.0,1.0,Scrubs pants,1,Lapeer,100000000,0.1
1058,1.0,1.0,Scrubs pants,18,Leelanau,100000000,0.1
1059,1.0,1.0,Scrubs pants,2,Lenawee,100000000,0.1
1060,1.0,1.0,Scrubs pants,18,Livingston,100000000,0.1
1061,1.0,1.0,Scrubs pants,2,Manistee,100000000,0.1
1062,1.0,1.0,Scrubs pants,10,Marquette,100000000,0.1
1063,1.0,1.0,Scrubs pants,2,Mason,100000000,0.1
1064,1.0,1.0,Scrubs pants,1,Mecosta,100000000,0.1
1065,1.0,1.0,Scrubs pants,2,Menominee,100000000,0.1
1066,1.0,1.0,Scrubs pants,5,Midland,100000000,0.1
1067,1.0,1.0,Scrubs pants,4,Missaukee,100000000,0.1
1068,1.0,1.0,Scrubs pants,1,Monroe,100000000,0.1
1069,1.0,1.0,Scrubs pants,22,Montcalm,100000000,0.1
1070,1.0,1.0,Scrubs pants,2,Oceana,100000000,0.1
1071,1.0,1.0,Scrubs pants,19,Ogemaw,100000000,0.1
1072,1.0,1.0,Scrubs pants,182,Osceola,100000000,0.1
1073,1.0,1.0,Scrubs pants,6,Oscoda,100000000,0.1
1074,1.0,1.0,Scrubs pants,7,Presque Isle,100000000,0.1
1075,1.0,1.0,Scrubs pants,11,Roscommon,100000000,0.1
1076,1.0,1.0,Scrubs pants,2,Sanilac,100000000,0.1
1077,1.0,1.0,Scrubs pants,2,Schoolcraft,100000000,0.1
1078,1.0,1.0,Scrubs pants,1,Van Buren,100000000,0.1
1079,1.0,1.0,Scrubs pants,1,Washtenaw,100000000,0.1
1080,1.0,1.0,Scrubs pants,5,Wexford,100000000,0.1
1081,1.0,1.0,Scrubs tops,3,Alcona,100000000,0.1
1082,1.0,1.0,Scrubs tops,1,Alger,100000000,0.1
1083,1.0,1.0,Scrubs tops,2,Allegan,100000000,0.1
1084,1.0,1.0,Scrubs tops,3,Antrim,100000000,0.1
1085,1.0,1.0,Scrubs tops,31,Baraga,100000000,0.1
1086,1.0,1.0,Scrubs tops,4,Barry,100000000,0.1
1087,1.0,1.0,Scrubs tops,10,Benzie,100000000,0.1
1088,1.0,1.0,Scrubs tops,4,Delta,100000000,0.1
1089,1.0,1.0,Scrubs tops,3,Dickinson,100000000,0.1
1090,1.0,1.0,Scrubs tops,6,Eaton,100000000,0.1
1091,1.0,1.0,Scrubs tops,1,Emmet,100000000,0.1
1092,1.0,1.0,Scrubs tops,24,Gogebic,100000000,0.1
1093,1.0,1.0,Scrubs tops,4,Grand Traverse,100000000,0.1
1094,1.0,1.0,Scrubs tops,1,Gratiot,100000000,0.1
1095,1.0,1.0,Scrubs tops,3,Houghton,100000000,0.1
1096,1.0,1.0,Scrubs tops,2,Huron,100000000,0.1
1097,1.0,1.0,Scrubs tops,11,Iron,100000000,0.1
1098,1.0,1.0,Scrubs tops,39,Isabella,100000000,0.1
1099,1.0,1.0,Scrubs tops,2,Kalamazoo,100000000,0.1
1100,1.0,1.0,Scrubs tops,62,Kalkaska,100000000,0.1
1101,1.0,1.0,Scrubs tops,4,Kent,100000000,0.1
1102,1.0,1.0,Scrubs tops,4,Keweenaw,100000000,0.1
1103,1.0,1.0,Scrubs tops,7,Lake,100000000,0.1
1104,1.0,1.0,Scrubs tops,1,Lapeer,100000000,0.1
1105,1.0,1.0,Scrubs tops,18,Leelanau,100000000,0.1
1106,1.0,1.0,Scrubs tops,2,Lenawee,100000000,0.1
1107,1.0,1.0,Scrubs tops,18,Livingston,100000000,0.1
1108,1.0,1.0,Scrubs tops,2,Manistee,100000000,0.1
1109,1.0,1.0,Scrubs tops,10,Marquette,100000000,0.1
1110,1.0,1.0,Scrubs tops,2,Mason,100000000,0.1
1111,1.0,1.0,Scrubs tops,1,Mecosta,100000000,0.1
1112,1.0,1.0,Scrubs tops,2,Menominee,100000000,0.1
1113,1.0,1.0,Scrubs tops,5,Midland,100000000,0.1
1114,1.0,1.0,Scrubs tops,4,Missaukee,100000000,0.1
1115,1.0,1.0,Scrubs tops,1,Monroe,100000000,0.1
1116,1.0,1.0,Scrubs tops,22,Montcalm,100000000,0.1
1117,1.0,1.0,Scrubs tops,2,Oceana,100000000,0.1
1118,1.0,1.0,Scrubs tops,19,Ogemaw,100000000,0.1
1119,1.0,1.0,Scrubs tops,182,Osceola,100000000,0.1
1120,1.0,1.0,Scrubs tops,6,Oscoda,100000000,0.1
1121,1.0,1.0,Scrubs tops,7,Presque Isle,100000000,0.1
1122,1.0,1.0,Scrubs tops,11,Roscommon,100000000,0.1
1123,1.0,1.0,Scrubs tops,2,Sanilac,100000000,0.1
1124,1.0,1.0,Scrubs tops,2,Schoolcraft,100000000,0.1
1125,1.0,1.0,Scrubs tops,1,Van Buren,100000000,0.1
1126,1.0,1.0,Scrubs tops,1,Washtenaw,100000000,0.1
1127,1.0,1.0,Scrubs tops,5,Wexford,100000000,0.1
1128,1.0,1.0,Surface Disinfectant 1 Gallon,27,Alcona,100000000,0.1
1129,1.0,1.0,Surface Disinfectant 1 Gallon,2,Alger,100000000,0.1
1130,1.0,1.0,Surface Disinfectant 1 Gallon,17,Allegan,100000000,0.1
1131,1.0,1.0,Surface Disinfectant 1 Gallon,26,Antrim,100000000,0.1
1132,1.0,1.0,Surface Disinfectant 1 Gallon,306,Baraga,100000000,0.1
1133,1.0,1.0,Surface Disinfectant 1 Gallon,39,Barry,100000000,0.1
1134,1.0,1.0,Surface Disinfectant 1 Gallon,95,Benzie,100000000,0.1
1135,1.0,1.0,Surface Disinfectant 1 Gallon,38,Delta,100000000,0.1
1136,1.0,1.0,Surface Disinfectant 1 Gallon,23,Dickinson,100000000,0.1
1137,1.0,1.0,Surface Disinfectant 1 Gallon,56,Eaton,100000000,0.1
1138,1.0,1.0,Surface Disinfectant 1 Gallon,4,Emmet,100000000,0.1
1139,1.0,1.0,Surface Disinfectant 1 Gallon,239,Gogebic,100000000,0.1
1140,1.0,1.0,Surface Disinfectant 1 Gallon,31,Grand Traverse,100000000,0.1
1141,1.0,1.0,Surface Disinfectant 1 Gallon,4,Gratiot,100000000,0.1
1142,1.0,1.0,Surface Disinfectant 1 Gallon,27,Houghton,100000000,0.1
1143,1.0,1.0,Surface Disinfectant 1 Gallon,11,Huron,100000000,0.1
1144,1.0,1.0,Surface Disinfectant 1 Gallon,102,Iron,100000000,0.1
1145,1.0,1.0,Surface Disinfectant 1 Gallon,384,Isabella,100000000,0.1
1146,1.0,1.0,Surface Disinfectant 1 Gallon,20,Kalamazoo,100000000,0.1
1147,1.0,1.0,Surface Disinfectant 1 Gallon,612,Kalkaska,100000000,0.1
1148,1.0,1.0,Surface Disinfectant 1 Gallon,38,Kent,100000000,0.1
1149,1.0,1.0,Surface Disinfectant 1 Gallon,37,Keweenaw,100000000,0.1
1150,1.0,1.0,Surface Disinfectant 1 Gallon,62,Lake,100000000,0.1
1151,1.0,1.0,Surface Disinfectant 1 Gallon,9,Lapeer,100000000,0.1
1152,1.0,1.0,Surface Disinfectant 1 Gallon,171,Leelanau,100000000,0.1
1153,1.0,1.0,Surface Disinfectant 1 Gallon,15,Lenawee,100000000,0.1
1154,1.0,1.0,Surface Disinfectant 1 Gallon,178,Livingston,100000000,0.1
1155,1.0,1.0,Surface Disinfectant 1 Gallon,19,Manistee,100000000,0.1
1156,1.0,1.0,Surface Disinfectant 1 Gallon,96,Marquette,100000000,0.1
1157,1.0,1.0,Surface Disinfectant 1 Gallon,19,Mason,100000000,0.1
1158,1.0,1.0,Surface Disinfectant 1 Gallon,1,Mecosta,100000000,0.1
1159,1.0,1.0,Surface Disinfectant 1 Gallon,16,Menominee,100000000,0.1
1160,1.0,1.0,Surface Disinfectant 1 Gallon,44,Midland,100000000,0.1
1161,1.0,1.0,Surface Disinfectant 1 Gallon,36,Missaukee,100000000,0.1
1162,1.0,1.0,Surface Disinfectant 1 Gallon,10,Monroe,100000000,0.1
1163,1.0,1.0,Surface Disinfectant 1 Gallon,217,Montcalm,100000000,0.1
1164,1.0,1.0,Surface Disinfectant 1 Gallon,14,Oceana,100000000,0.1
1165,1.0,1.0,Surface Disinfectant 1 Gallon,190,Ogemaw,100000000,0.1
1166,1.0,1.0,Surface Disinfectant 1 Gallon,1819,Osceola,100000000,0.1
1167,1.0,1.0,Surface Disinfectant 1 Gallon,55,Oscoda,100000000,0.1
1168,1.0,1.0,Surface Disinfectant 1 Gallon,62,Presque Isle,100000000,0.1
1169,1.0,1.0,Surface Disinfectant 1 Gallon,104,Roscommon,100000000,0.1
1170,1.0,1.0,Surface Disinfectant 1 Gallon,17,Sanilac,100000000,0.1
1171,1.0,1.0,Surface Disinfectant 1 Gallon,15,Schoolcraft,100000000,0.1
1172,1.0,1.0,Surface Disinfectant 1 Gallon,7,Van Buren,100000000,0.1
1173,1.0,1.0,Surface Disinfectant 1 Gallon,6,Washtenaw,100000000,0.1
1174,1.0,1.0,Surface Disinfectant 1 Gallon,42,Wexford,100000000,0.1
1175,2.0,1.0,Syringes,27,Alcona,100000000,0.1
1176,2.0,1.0,Syringes,2,Alger,100000000,0.1
1177,2.0,1.0,Syringes,17,Allegan,100000000,0.1
1178,2.0,1.0,Syringes,26,Antrim,100000000,0.1
1179,2.0,1.0,Syringes,306,Baraga,100000000,0.1
1180,2.0,1.0,Syringes,39,Barry,100000000,0.1
1181,2.0,1.0,Syringes,95,Benzie,100000000,0.1
1182,2.0,1.0,Syringes,38,Delta,100000000,0.1
1183,2.0,1.0,Syringes,23,Dickinson,100000000,0.1
1184,2.0,1.0,Syringes,56,Eaton,100000000,0.1
1185,3.0,1.0,Syringes,4,Emmet,100000000,0.1
1186,2.0,1.0,Syringes,239,Gogebic,100000000,0.1
1187,2.0,1.0,Syringes,31,Grand Traverse,100000000,0.1
1188,3.0,1.0,Syringes,4,Gratiot,100000000,0.1
1189,2.0,1.0,Syringes,27,Houghton,100000000,0.1
1190,2.0,1.0,Syringes,11,Huron,100000000,0.1
1191,2.0,1.0,Syringes,102,Iron,100000000,0.1
1192,2.0,1.0,Syringes,384,Isabella,100000000,0.1
1193,2.0,1.0,Syringes,20,Kalamazoo,100000000,0.1
1194,2.0,1.0,Syringes,612,Kalkaska,100000000,0.1
1195,2.0,1.0,Syringes,38,Kent,100000000,0.1
1196,2.0,1.0,Syringes,37,Keweenaw,100000000,0.1
1197,2.0,1.0,Syringes,62,Lake,100000000,0.1
1198,2.0,1.0,Syringes,9,Lapeer,100000000,0.1
1199,2.0,1.0,Syringes,171,Leelanau,100000000,0.1
1200,2.0,1.0,Syringes,15,Lenawee,100000000,0.1
1201,2.0,1.0,Syringes,178,Livingston,100000000,0.1
1202,2.0,1.0,Syringes,19,Manistee,100000000,0.1
1203,2.0,1.0,Syringes,96,Marquette,100000000,0.1
1204,2.0,1.0,Syringes,19,Mason,100000000,0.1
1205,1.0,1.0,Syringes,1,Mecosta,100000000,0.1
1206,2.0,1.0,Syringes,16,Menominee,100000000,0.1
1207,2.0,1.0,Syringes,44,Midland,100000000,0.1
1208,2.0,1.0,Syringes,36,Missaukee,100000000,0.1
1209,2.0,1.0,Syringes,10,Monroe,100000000,0.1
1210,2.0,1.0,Syringes,217,Montcalm,100000000,0.1
1211,2.0,1.0,Syringes,14,Oceana,100000000,0.1
1212,2.0,1.0,Syringes,190,Ogemaw,100000000,0.1
1213,2.0,1.0,Syringes,1819,Osceola,100000000,0.1
1214,2.0,1.0,Syringes,55,Oscoda,100000000,0.1
1215,2.0,1.0,Syringes,62,Presque Isle,100000000,0.1
1216,2.0,1.0,Syringes,104,Roscommon,100000000,0.1
1217,2.0,1.0,Syringes,17,Sanilac,100000000,0.1
1218,2.0,1.0,Syringes,15,Schoolcraft,100000000,0.1
1219,2.0,1.0,Syringes,7,Van Buren,100000000,0.1
1220,2.0,1.0,Syringes,6,Washtenaw,100000000,0.1
1221,2.0,1.0,Syringes,42,Wexford,100000000,0.1
1222,2.0,1.0,Triple packaging boxes,536,Alcona,100000000,0.1
1223,2.0,1.0,Triple packaging boxes,39,Alger,100000000,0.1
1224,2.0,1.0,Triple packaging boxes,325,Allegan,100000000,0.1
1225,2.0,1.0,Triple packaging boxes,518,Antrim,100000000,0.1
1226,2.0,1.0,Triple packaging boxes,6102,Baraga,100000000,0.1
1227,2.0,1.0,Triple packaging boxes,772,Barry,100000000,0.1
1228,2.0,1.0,Triple packaging boxes,1896,Benzie,100000000,0.1
1229,2.0,1.0,Triple packaging boxes,741,Delta,100000000,0.1
1230,2.0,1.0,Triple packaging boxes,452,Dickinson,100000000,0.1
1231,2.0,1.0,Triple packaging boxes,1109,Eaton,100000000,0.1
1232,2.0,1.0,Triple packaging boxes,69,Emmet,100000000,0.1
1233,2.0,1.0,Triple packaging boxes,4768,Gogebic,100000000,0.1
1234,2.0,1.0,Triple packaging boxes,612,Grand Traverse,100000000,0.1
1235,2.0,1.0,Triple packaging boxes,64,Gratiot,100000000,0.1
1236,2.0,1.0,Triple packaging boxes,530,Houghton,100000000,0.1
1237,2.0,1.0,Triple packaging boxes,206,Huron,100000000,0.1
1238,2.0,1.0,Triple packaging boxes,2038,Iron,100000000,0.1
1239,2.0,1.0,Triple packaging boxes,7677,Isabella,100000000,0.1
1240,2.0,1.0,Triple packaging boxes,392,Kalamazoo,100000000,0.1
1241,2.0,1.0,Triple packaging boxes,12228,Kalkaska,100000000,0.1
1242,2.0,1.0,Triple packaging boxes,746,Kent,100000000,0.1
1243,2.0,1.0,Triple packaging boxes,734,Keweenaw,100000000,0.1
1244,2.0,1.0,Triple packaging boxes,1238,Lake,100000000,0.1
1245,2.0,1.0,Triple packaging boxes,172,Lapeer,100000000,0.1
1246,2.0,1.0,Triple packaging boxes,3408,Leelanau,100000000,0.1
1247,2.0,1.0,Triple packaging boxes,292,Lenawee,100000000,0.1
1248,2.0,1.0,Triple packaging boxes,3560,Livingston,100000000,0.1
1249,2.0,1.0,Triple packaging boxes,364,Manistee,100000000,0.1
1250,2.0,1.0,Triple packaging boxes,1913,Marquette,100000000,0.1
1251,2.0,1.0,Triple packaging boxes,378,Mason,100000000,0.1
1252,2.0,1.0,Triple packaging boxes,14,Mecosta,100000000,0.1
1253,2.0,1.0,Triple packaging boxes,320,Menominee,100000000,0.1
1254,2.0,1.0,Triple packaging boxes,875,Midland,100000000,0.1
1255,2.0,1.0,Triple packaging boxes,704,Missaukee,100000000,0.1
1256,2.0,1.0,Triple packaging boxes,196,Monroe,100000000,0.1
1257,2.0,1.0,Triple packaging boxes,4324,Montcalm,100000000,0.1
1258,2.0,1.0,Triple packaging boxes,273,Oceana,100000000,0.1
1259,2.0,1.0,Triple packaging boxes,3797,Ogemaw,100000000,0.1
1260,2.0,1.0,Triple packaging boxes,36370,Osceola,100000000,0.1
1261,2.0,1.0,Triple packaging boxes,1090,Oscoda,100000000,0.1
1262,2.0,1.0,Triple packaging boxes,1222,Presque Isle,100000000,0.1
1263,2.0,1.0,Triple packaging boxes,2072,Roscommon,100000000,0.1
1264,2.0,1.0,Triple packaging boxes,324,Sanilac,100000000,0.1
1265,2.0,1.0,Triple packaging boxes,298,Schoolcraft,100000000,0.1
1266,2.0,1.0,Triple packaging boxes,138,Van Buren,100000000,0.1
1267,2.0,1.0,Triple packaging boxes,110,Washtenaw,100000000,0.1
1268,2.0,1.0,Triple packaging boxes,839,Wexford,100000000,0.1
1269,1.0,1.0,Wipes,5360,Alcona,100000000,0.1
1270,1.0,1.0,Wipes,390,Alger,100000000,0.1
1271,1.0,1.0,Wipes,3250,Allegan,100000000,0.1
1272,1.0,1.0,Wipes,5180,Antrim,100000000,0.1
1273,1.0,1.0,Wipes,61020,Baraga,100000000,0.1
1274,1.0,1.0,Wipes,7720,Barry,100000000,0.1
1275,1.0,1.0,Wipes,18960,Benzie,100000000,0.1
1276,1.0,1.0,Wipes,7410,Delta,100000000,0.1
1277,1.0,1.0,Wipes,4520,Dickinson,100000000,0.1
1278,1.0,1.0,Wipes,11090,Eaton,100000000,0.1
1279,1.0,1.0,Wipes,690,Emmet,100000000,0.1
1280,1.0,1.0,Wipes,47680,Gogebic,100000000,0.1
1281,1.0,1.0,Wipes,6120,Grand Traverse,100000000,0.1
1282,1.0,1.0,Wipes,640,Gratiot,100000000,0.1
1283,1.0,1.0,Wipes,5300,Houghton,100000000,0.1
1284,1.0,1.0,Wipes,2060,Huron,100000000,0.1
1285,1.0,1.0,Wipes,20380,Iron,100000000,0.1
1286,1.0,1.0,Wipes,76770,Isabella,100000000,0.1
1287,1.0,1.0,Wipes,3920,Kalamazoo,100000000,0.1
1288,1.0,1.0,Wipes,122280,Kalkaska,100000000,0.1
1289,1.0,1.0,Wipes,7460,Kent,100000000,0.1
1290,1.0,1.0,Wipes,7340,Keweenaw,100000000,0.1
1291,1.0,1.0,Wipes,12380,Lake,100000000,0.1
1292,1.0,1.0,Wipes,1720,Lapeer,100000000,0.1
1293,1.0,1.0,Wipes,34080,Leelanau,100000000,0.1
1294,1.0,1.0,Wipes,2920,Lenawee,100000000,0.1
1295,1.0,1.0,Wipes,35600,Livingston,100000000,0.1
1296,1.0,1.0,Wipes,3640,Manistee,100000000,0.1
1297,1.0,1.0,Wipes,19130,Marquette,100000000,0.1
1298,1.0,1.0,Wipes,3780,Mason,100000000,0.1
1299,1.0,1.0,Wipes,140,Mecosta,100000000,0.1
1300,1.0,1.0,Wipes,3200,Menominee,100000000,0.1
1301,1.0,1.0,Wipes,8750,Midland,100000000,0.1
1302,1.0,1.0,Wipes,7040,Missaukee,100000000,0.1
1303,1.0,1.0,Wipes,1960,Monroe,100000000,0.1
1304,1.0,1.0,Wipes,43240,Montcalm,100000000,0.1
1305,1.0,1.0,Wipes,2730,Oceana,100000000,0.1
1306,1.0,1.0,Wipes,37970,Ogemaw,100000000,0.1
1307,1.0,1.0,Wipes,363700,Osceola,100000000,0.1
1308,1.0,1.0,Wipes,10900,Oscoda,100000000,0.1
1309,1.0,1.0,Wipes,12220,Presque Isle,100000000,0.1
1310,1.0,1.0,Wipes,20720,Roscommon,100000000,0.1
1311,1.0,1.0,Wipes,3240,Sanilac,100000000,0.1
1312,1.0,1.0,Wipes,2980,Schoolcraft,100000000,0.1
1313,1.0,1.0,Wipes,1380,Van Buren,100000000,0.1
1314,1.0,1.0,Wipes,1100,Washtenaw,100000000,0.1
1315,1.0,1.0,Wipes,8390,Wexford,100000000,0.1
