{"creationTime":1660760685676,"lastModificationTime":1660760726618,"state":"TERMINATED","solveConfig":{"containerId":"Baseline With Importance","solveParameters":{},"setupWebHook":{"verb":"GET","url":"https://api.dataplatform.cloud.ibm.com/v1/cognitive/solve/preprocess/Baseline%20With%20Importance?projectId=d5521be0-f2e9-421b-84df-f86ee7c0930e&parentId=Decision+Optimization+experiment","expectedStatus":200,"headers":{}},"tearDownWebHook":{"verb":"GET","url":"https://api.dataplatform.cloud.ibm.com/v1/cognitive/solve/postprocess/Baseline%20With%20Importance?projectId=d5521be0-f2e9-421b-84df-f86ee7c0930e&parentId=Decision+Optimization+experiment","expectedStatus":200,"headers":{}}},"jobDetails":{"id":"f22f17e3-d5fb-4162-b1a7-044f332c4887","createdAt":1660760688785,"startedAt":1660760710560,"endedAt":1660760721658,"submittedAt":1660760688785,"details":{"KPI._time":"0.31975889205932617","KPI.total CountyDemand allocations":"2120.0","KPI.total allocation over all CountyDemands over CountyDemands":"3740.0","KPI.total importanceFactor of product of CountyDemands over all allocations":"1639.6000000000151","MODEL_DETAIL_BOOLEAN_VARS":"1316","MODEL_DETAIL_CONSTRAINTS":"3950","MODEL_DETAIL_CONTINUOUS_VARS":"0","MODEL_DETAIL_INTEGER_VARS":"1316","MODEL_DETAIL_KPIS":"[\"total CountyDemand allocations\", \"total allocation over all CountyDemands over CountyDemands\", \"total importanceFactor of product of CountyDemands over all allocations\"]","MODEL_DETAIL_NONZEROS":"9212","MODEL_DETAIL_OBJECTIVE_SENSE":"minimize","MODEL_DETAIL_TYPE":"MIQP","PROGRESS_BEST_OBJECTIVE":"-79014.40000000068","PROGRESS_BEST_OBJECTIVE.history":"[[1660760716.51, -81787.36000000144], [1660760716.74, -81775.6800000011], [1660760720.17, -79014.40000000068]]","PROGRESS_CURRENT_OBJECTIVE":"-79014.39999999997","PROGRESS_CURRENT_OBJECTIVE.history":"[[1660760716.51, 45274273660.79995], [1660760716.74, -76729.59999999998], [1660760720.17, -79014.39999999997]]","PROGRESS_GAP":"0.0","PROGRESS_GAP.history":"[[1660760716.51, 1.000001806486408], [1660760716.74, 0.0657644507465322], [1660760720.17, 0.0]]","STAT.cplex.modelType":"MIQP","STAT.cplex.size.booleanVariables":"1316","STAT.cplex.size.constraints":"3950","STAT.cplex.size.continousVariables":"0","STAT.cplex.size.integerVariables":"1316","STAT.cplex.size.linearConstraints":"3950","STAT.cplex.size.quadraticConstraints":"0","STAT.cplex.size.variables":"2632","STAT.cplex.solve.elapsedTime":"0.31975889205932617","STAT.cplex.solve.explored":"3","STAT.cplex.solve.iterationCount":"97","STAT.cplex.solve.opened":"4","STAT.job.coresCount":"1","STAT.job.inputsReadMs":"2140","STAT.job.memoryPeakKB":"130972","STAT.job.modelProcessingMs":"4736","STAT.job.outputsWriteMs":"1210"},"executionStatus":"PROCESSED","solveStatus":"OPTIMAL_SOLUTION","logTail":["[2022-08-17T18:25:16Z, INFO]       0     2   -81783.6800  1323   -76729.6000   -81779.6800       95    6.58%","[2022-08-17T18:25:16Z, INFO] Elapsed time = 0.30 sec. (329.07 ticks, tree = 0.01 MB, solutions = 4)","[2022-08-17T18:25:17Z, INFO]      60    62   -81547.6800  1264   -76729.6000   -81775.6800      155    6.58%","[2022-08-17T18:25:17Z, INFO]     188   190   -81035.6800  1136   -76729.6000   -81775.6800      283    6.58%","[2022-08-17T18:25:18Z, INFO]     289   291   -80631.6800  1035   -76729.6000   -81775.6800      384    6.58%","[2022-08-17T18:25:18Z, INFO]     420   422   -80107.6800   904   -76729.6000   -81775.6800      515    6.58%","[2022-08-17T18:25:19Z, INFO] ","[2022-08-17T18:25:19Z, INFO] Performing restart 1","[2022-08-17T18:25:19Z, INFO] ","[2022-08-17T18:25:19Z, INFO] Repeating presolve.","[2022-08-17T18:25:19Z, INFO] Tried aggregator 1 time.","[2022-08-17T18:25:19Z, INFO] MIQP Presolve eliminated 54 rows and 56 columns.","[2022-08-17T18:25:19Z, INFO] MIQP Presolve modified 1054 coefficients.","[2022-08-17T18:25:19Z, INFO] Reduced MIQP has 2506 rows, 2506 columns, and 5012 nonzeros.","[2022-08-17T18:25:19Z, INFO] Reduced MIQP has 1253 binaries, 1253 generals, 0 SOSs, and 0 indicators.","[2022-08-17T18:25:19Z, INFO] Reduced MIQP objective Q matrix has 1253 nonzeros.","[2022-08-17T18:25:19Z, INFO] Presolve time = 0.01 sec. (3.37 ticks)","[2022-08-17T18:25:20Z, INFO] Tried aggregator 1 time.","[2022-08-17T18:25:20Z, INFO] MIQP Presolve eliminated 2504 rows and 2504 columns.","[2022-08-17T18:25:20Z, INFO] Reduced MIQP has 2 rows, 2 columns, and 4 nonzeros.","[2022-08-17T18:25:20Z, INFO] Reduced MIQP has 1 binaries, 1 generals, 0 SOSs, and 0 indicators.","[2022-08-17T18:25:20Z, INFO] Reduced MIQP objective Q matrix has 1 nonzeros.","[2022-08-17T18:25:20Z, INFO] Presolve time = 0.00 sec. (1.61 ticks)","[2022-08-17T18:25:20Z, INFO] Tried aggregator 1 time.","[2022-08-17T18:25:20Z, INFO] Reduced MIQP has 2 rows, 2 columns, and 4 nonzeros.","[2022-08-17T18:25:20Z, INFO] Reduced MIQP has 1 binaries, 1 generals, 0 SOSs, and 0 indicators.","[2022-08-17T18:25:20Z, INFO] Reduced MIQP objective Q matrix has 1 nonzeros.","[2022-08-17T18:25:20Z, INFO] Presolve time = 0.00 sec. (0.00 ticks)","[2022-08-17T18:25:20Z, INFO] Represolve time = 1.11 sec. (1248.14 ticks)","[2022-08-17T18:25:20Z, INFO] *   481     0      integral     0   -79014.4000   -79014.4000      575    0.00%","[2022-08-17T18:25:20Z, INFO] ","[2022-08-17T18:25:20Z, INFO] Root node processing (before b&c):","[2022-08-17T18:25:20Z, INFO]   Real time             =    0.28 sec. (329.04 ticks)","[2022-08-17T18:25:20Z, INFO] Sequential b&c:","[2022-08-17T18:25:20Z, INFO]   Real time             =    3.47 sec. (2373.34 ticks)","[2022-08-17T18:25:20Z, INFO]                           ------------","[2022-08-17T18:25:20Z, INFO] Total (root+branch&cut) =    3.75 sec. (2702.38 ticks)","[2022-08-17T18:25:20Z, INFO] Solve status: JobSolveStatus.OPTIMAL_SOLUTION","[2022-08-17T18:25:20Z, INFO] * model docplex_model1 solved with objective = -79014.400","[2022-08-17T18:25:20Z, INFO] *  KPI: total CountyDemand allocations                                          = 2120.000","[2022-08-17T18:25:20Z, INFO] *  KPI: total allocation over all CountyDemands over CountyDemands              = 3740.000","[2022-08-17T18:25:20Z, INFO] *  KPI: total importanceFactor of product of CountyDemands over all allocations = 1639.600","[2022-08-17T18:25:20Z, INFO] model solve done in 3.8359923362731934 secs","[2022-08-17T18:25:20Z, INFO] solution export done in 0.014131546020507812 secs","[2022-08-17T18:25:20Z, INFO] CountyDemandAllocation.csv"]},"runtimeDetails":{"state":"STARTED"},"taskSetupMillis":2909,"taskSolveMillis":34477,"taskTearDownMillis":2825,"jobSpaceId":"45644902-578b-4cee-90f4-7faf2009c326","jobDeploymentId":"89797729-4ae8-429d-a13b-94f8f81a4ded","jobId":"f22f17e3-d5fb-4162-b1a7-044f332c4887","ping":1660760715920}